<environmentvariabledefinition schemaname="efdc_GroupMaintainerEmailAddress">
  <defaultvalue>TDX-EFDC-Support@umich.edu</defaultvalue>
  <description default="The email address that is notified of group cleanup tasks.">
    <label description="The email address that is notified of group cleanup tasks." languagecode="1033" />
  </description>
  <displayname default="Group Maintainer Email Address">
    <label description="Group Maintainer Email Address" languagecode="1033" />
  </displayname>
  <introducedversion>1.0.0.1</introducedversion>
  <iscustomizable>1</iscustomizable>
  <isrequired>0</isrequired>
  <secretstore>0</secretstore>
  <type>100000000</type>
</environmentvariabledefinition>