{"name":"0b94ff2b-b310-4730-ae7e-194970dac76f","id":"/providers/Microsoft.Flow/flows/0b94ff2b-b310-4730-ae7e-194970dac76f","type":"Microsoft.Flow/flows","properties":{"apiId":"/providers/Microsoft.PowerApps/apis/shared_logicflows","displayName":"TrackMaster - Update People list with info from Teams when uniqname is from MM and Teams Account column is empty","definition":{"metadata":{"workflowEntityId":null,"processAdvisorMetadata":null,"flowChargedByPaygo":null,"flowclientsuspensionreason":"None","flowclientsuspensiontime":null,"flowclientsuspensionreasondetails":null,"creator":{"id":"7dd5f4ff-6642-4231-89cb-c2f3b71f50cf","type":"User","tenantId":"1f41d613-d3a1-4ead-918d-2a25b10de330"},"provisioningMethod":"FromDefinition","failureAlertSubscription":true,"clientLastModifiedTime":"2023-08-02T16:25:19.4481955Z"},"$schema":"https://schema.management.azure.com/providers/Microsoft.Logic/schemas/2016-06-01/workflowdefinition.json#","contentVersion":"1.0.0.0","parameters":{"$connections":{"defaultValue":{},"type":"Object"},"$authentication":{"defaultValue":{},"type":"SecureObject"}},"triggers":{"Run_Daily":{"recurrence":{"frequency":"Day","interval":1,"startTime":"2023-08-01T05:30:00.000Z","schedule":{"hours":["1"]}},"metadata":{"operationMetadataId":"957cedc4-85e5-4129-89da-77d7982a1a64"},"type":"Recurrence"}},"actions":{"Get_items_from_People_list_that_are_missing_a_Teams_Account":{"runAfter":{},"metadata":{"operationMetadataId":"6e41ea5b-7cc3-4e17-be5c-4f64103c9bd8"},"type":"OpenApiConnection","inputs":{"host":{"apiId":"/providers/Microsoft.PowerApps/apis/shared_sharepointonline","connectionName":"shared_sharepointonline","operationId":"GetItems"},"parameters":{"dataset":"https://umhealth.sharepoint.com/sites/DepressionCenter-TrackMaster","table":"b06a7441-867b-4ddc-9f05-271c46d7e116","$filter":"(TeamsAccount eq null) and (Active eq 1) and (UniqName ne null) and (Modified gt '@{formatDateTime(addDays(utcnow('yyyy-MM-ddTHH:mm:ssZ'),-2), 'yyyy-MM-dd')}')","$orderby":"Modified desc","$top":250,"view":"eac2f0a9-fd28-4ae7-8c4a-e59f6a28e036"},"authentication":"@parameters('$authentication')"}},"Loop_through_People_list":{"foreach":"@outputs('Get_items_from_People_list_that_are_missing_a_Teams_Account')?['body/value']","actions":{"Ensure_UniqName_is_valid_(not_an_email_address)":{"actions":{"Resolve_person":{"runAfter":{},"metadata":{"operationMetadataId":"8f09078e-349b-4662-baea-90630191b217"},"type":"OpenApiConnection","inputs":{"host":{"apiId":"/providers/Microsoft.PowerApps/apis/shared_sharepointonline","connectionName":"shared_sharepointonline","operationId":"SearchForUser"},"parameters":{"dataset":"https://umhealth.sharepoint.com/sites/DepressionCenter-TrackMaster","table":"b06a7441-867b-4ddc-9f05-271c46d7e116","entityId":"c39b8a9b-6621-431d-a91c-9be4a3f74edf","searchValue":"@{items('Loop_through_People_list')?['UniqName']}@med.umich.edu","view":"eac2f0a9-fd28-4ae7-8c4a-e59f6a28e036"},"authentication":"@parameters('$authentication')"}},"Update_record_for_this_contact_in_People_list":{"runAfter":{"Resolve_person":["Succeeded"]},"metadata":{"operationMetadataId":"a2e3093c-35f2-43a1-9a06-74ff45019cc5"},"type":"OpenApiConnection","inputs":{"host":{"apiId":"/providers/Microsoft.PowerApps/apis/shared_sharepointonline","connectionName":"shared_sharepointonline","operationId":"PatchItem"},"parameters":{"dataset":"https://umhealth.sharepoint.com/sites/DepressionCenter-TrackMaster","table":"b06a7441-867b-4ddc-9f05-271c46d7e116","id":"@items('Loop_through_People_list')?['ID']","item/Title":"@concat(trim(split(outputs('Resolve_person')?['body/DisplayName'], ',')[sub(length(split(outputs('Resolve_person')?['body/DisplayName'], ',')), 1)]), ' ', split(outputs('Resolve_person')?['body/DisplayName'], ',')[0])","item/UniqName":"@items('Loop_through_People_list')?['UniqName']","item/TeamsAccount/Claims":"@outputs('Resolve_person')?['body/Claims']","item/FirstName":"@trim(split(outputs('Resolve_person')?['body/DisplayName'], ',')[sub(length(split(outputs('Resolve_person')?['body/DisplayName'], ',')), 1)])","item/LastName":"@split(outputs('Resolve_person')?['body/DisplayName'], ',')[0]","item/JobTitle":"@outputs('Resolve_person')?['body/JobTitle']","item/Department/Value":"@outputs('Resolve_person')?['body/Department']","item/Company/Value":"Michigan Medicine","item/PreferredEmail":"@outputs('Resolve_person')?['body/Email']","item/Active":true},"authentication":"@parameters('$authentication')"}},"DEBUG_-_Account_not_found_in_MM_O365_Environment":{"runAfter":{"Resolve_person":["Failed","Skipped","TimedOut"]},"metadata":{"operationMetadataId":"7b3c501f-262c-4814-89fc-55568a84094e"},"type":"Compose","inputs":"Could not find account in MM O365 Environment:  @{items('Loop_through_People_list')?['UniqName']}@med.umich.edu"},"Error_Control_-_Merge_Resolve_Person_Branches":{"runAfter":{"Update_record_for_this_contact_in_People_list":["Succeeded","Failed","Skipped","TimedOut"],"DEBUG_-_Account_not_found_in_MM_O365_Environment":["Succeeded","Skipped","Failed","TimedOut"]},"metadata":{"operationMetadataId":"7266d097-4e2c-4946-8206-fac6a0d2deba"},"type":"Compose","inputs":"Resolve Person Check Concluded"}},"runAfter":{},"else":{"actions":{"DEBUG_-_Skipped_Invalid_UniqName":{"runAfter":{},"metadata":{"operationMetadataId":"212433b7-51a2-4b8d-b613-75b22759745a"},"type":"Compose","inputs":"'Invalid UniqName: ' @{items('Loop_through_People_list')?['UniqName']}"}}},"expression":{"equals":["@if(contains(items('Loop_through_People_list')?['UniqName'], '@'), 'Invalid', 'Valid')","Valid"]},"metadata":{"operationMetadataId":"2d749c33-489b-4ebe-8fbd-f8ec36502c4c"},"type":"If"}},"runAfter":{"Get_items_from_People_list_that_are_missing_a_Teams_Account":["Succeeded"]},"metadata":{"operationMetadataId":"395ba482-7ed5-4ece-a6e3-6ff1f8002d37"},"type":"Foreach","runtimeConfiguration":{"concurrency":{"repetitions":5}}}}},"connectionReferences":{"shared_sharepointonline":{"connectionName":"a5033d3908bf4b4db23f03c32826e63e","source":"Embedded","id":"/providers/Microsoft.PowerApps/apis/shared_sharepointonline","tier":"NotSpecified"}},"flowFailureAlertSubscribed":false,"isManaged":false}}