{"name":"1d682806-0e54-4426-94a6-0fbf16bfed8a","id":"/providers/Microsoft.Flow/flows/1d682806-0e54-4426-94a6-0fbf16bfed8a","type":"Microsoft.Flow/flows","properties":{"apiId":"/providers/Microsoft.PowerApps/apis/shared_logicflows","displayName":"Add MeTRIC group to mongefrg EXAMPLE","definition":{"metadata":{"workflowEntityId":null,"processAdvisorMetadata":null,"flowChargedByPaygo":null,"flowclientsuspensionreason":"None","flowclientsuspensiontime":null,"flowclientsuspensionreasondetails":null,"creator":{"id":"7dd5f4ff-6642-4231-89cb-c2f3b71f50cf","type":"User","tenantId":"1f41d613-d3a1-4ead-918d-2a25b10de330"},"provisioningMethod":"FromDefinition","failureAlertSubscription":true,"clientLastModifiedTime":"2023-08-01T18:47:49.6955852Z"},"$schema":"https://schema.management.azure.com/providers/Microsoft.Logic/schemas/2016-06-01/workflowdefinition.json#","contentVersion":"1.0.0.0","parameters":{"$connections":{"defaultValue":{},"type":"Object"},"$authentication":{"defaultValue":{},"type":"SecureObject"}},"triggers":{"Recurrence":{"recurrence":{"frequency":"Month","interval":12},"metadata":{"operationMetadataId":"3f96a3a1-3949-4c0d-86e6-39b3467a38d4"},"type":"Recurrence"}},"actions":{"Get_group_members_-_filtered_by_uniqname_equals_mongefrg":{"runAfter":{},"metadata":{"operationMetadataId":"64ba930f-19e9-4d54-b49c-55ba82c73e7b"},"type":"OpenApiConnection","inputs":{"host":{"apiId":"/providers/Microsoft.PowerApps/apis/shared_sharepointonline","connectionName":"shared_sharepointonline","operationId":"GetItems"},"parameters":{"dataset":"https://umhealth.sharepoint.com/sites/DepressionCenter-TrackMaster","table":"b06a7441-867b-4ddc-9f05-271c46d7e116","$filter":"UniqName eq 'mongefrg'"},"authentication":"@parameters('$authentication')"}},"For_each_Group_Member_list_item":{"foreach":"@outputs('Get_group_members_-_filtered_by_uniqname_equals_mongefrg')?['body/value']","actions":{"For_each_Group_Name_lookup_column_value":{"foreach":"@items('For_each_Group_Member_list_item')?['Group_x0020_Membership']","actions":{"Extract_Group_Name_numeric_ID_and_append_to_NewGroupsArray_variable":{"runAfter":{},"metadata":{"operationMetadataId":"0c54c1b4-78bb-4596-bf16-bc24b8e0b3c2"},"type":"AppendToArrayVariable","inputs":{"name":"NewGroupsArray","value":{"Id":"@items('For_each_Group_Name_lookup_column_value')?['Id']"}}}},"runAfter":{},"metadata":{"operationMetadataId":"dd647b2d-e47f-469f-934b-21ce6099ea55"},"type":"Foreach"},"Append_new_group_(MeTRIC)_to_NewGroupsArray_variable":{"runAfter":{"For_each_Group_Name_lookup_column_value":["Succeeded"]},"metadata":{"operationMetadataId":"e20e9d67-a4e2-4c67-a494-c0d729801876"},"type":"AppendToArrayVariable","inputs":{"name":"NewGroupsArray","value":{"Id":5}}},"Show_what_the_group_array_looks_like_for_debugging_purposes":{"runAfter":{"Append_new_group_(MeTRIC)_to_NewGroupsArray_variable":["Succeeded"]},"metadata":{"operationMetadataId":"ff8ed939-1063-4850-ad12-692f41a45318"},"type":"Compose","inputs":"@variables('NewGroupsArray')"},"Update_item":{"runAfter":{"Show_what_the_group_array_looks_like_for_debugging_purposes":["Succeeded"]},"metadata":{"operationMetadataId":"c48580aa-7837-4964-aff1-2ab16ccc1e0e"},"type":"OpenApiConnection","inputs":{"host":{"apiId":"/providers/Microsoft.PowerApps/apis/shared_sharepointonline","connectionName":"shared_sharepointonline","operationId":"PatchItem"},"parameters":{"dataset":"https://umhealth.sharepoint.com/sites/DepressionCenter-TrackMaster","table":"b06a7441-867b-4ddc-9f05-271c46d7e116","id":"@items('For_each_Group_Member_list_item')?['ID']","item/Title":"@items('For_each_Group_Member_list_item')?['Title']","item/UniqName":"@items('For_each_Group_Member_list_item')?['UniqName']","item/Publication_x0020_Topics/Value":"","item/Group_x0020_Membership":"@variables('NewGroupsArray')"},"authentication":"@parameters('$authentication')"}}},"runAfter":{"Initialize_NewGroupsArray_variable":["Succeeded"]},"metadata":{"operationMetadataId":"4f1fda35-e432-4dce-b80d-49b508b1d642"},"type":"Foreach"},"Initialize_NewGroupsArray_variable":{"runAfter":{"Get_group_members_-_filtered_by_uniqname_equals_mongefrg":["Succeeded"]},"metadata":{"operationMetadataId":"d7360390-5de1-4438-a629-d607e4ba9de9"},"type":"InitializeVariable","inputs":{"variables":[{"name":"NewGroupsArray","type":"array","value":[]}]}}},"outputs":{},"description":"Example of how to add a group to a list item"},"connectionReferences":{"shared_sharepointonline":{"connectionName":"a5033d3908bf4b4db23f03c32826e63e","source":"Embedded","id":"/providers/Microsoft.PowerApps/apis/shared_sharepointonline","tier":"NotSpecified"}},"flowFailureAlertSubscribed":false,"isManaged":false}}