<ImportExportXml xmlns:xsi="http://www.w3.org/2001/XMLSchema-instance">
  <Entities></Entities>
  <Roles></Roles>
  <Workflows>
    <Workflow WorkflowId="{06895e97-9031-ee11-bdf3-000d3a3af012}" Name="TrackMaster Flow - Update People list with info from Teams account" Description="Update People list with info from Teams when uniqname is from MM and Teams Account column is empty.">
      <JsonFileName>/Workflows/TrackMasterFlow-UpdatePeoplelistwithinfofromTeamsa-06895E97-9031-EE11-BDF3-000D3A3AF012.json</JsonFileName>
      <Type>1</Type>
      <Subprocess>0</Subprocess>
      <Category>5</Category>
      <Mode>0</Mode>
      <Scope>4</Scope>
      <OnDemand>0</OnDemand>
      <TriggerOnCreate>0</TriggerOnCreate>
      <TriggerOnDelete>0</TriggerOnDelete>
      <AsyncAutodelete>0</AsyncAutodelete>
      <SyncWorkflowLogOnFailure>0</SyncWorkflowLogOnFailure>
      <StateCode>1</StateCode>
      <StatusCode>2</StatusCode>
      <RunAs>1</RunAs>
      <IsTransacted>1</IsTransacted>
      <IntroducedVersion>1.0.0.0</IntroducedVersion>
      <IsCustomizable>1</IsCustomizable>
      <BusinessProcessType>0</BusinessProcessType>
      <IsCustomProcessingStepAllowedForOtherPublishers>1</IsCustomProcessingStepAllowedForOtherPublishers>
      <PrimaryEntity>none</PrimaryEntity>
      <LocalizedNames>
        <LocalizedName languagecode="1033" description="TrackMaster Flow - Update People list with info from Teams account" />
      </LocalizedNames>
      <Descriptions>
        <Description languagecode="1033" description="Update People list with info from Teams when uniqname is from MM and Teams Account column is empty." />
      </Descriptions>
    </Workflow>
    <Workflow WorkflowId="{a2e38d58-1832-ee11-bdf3-000d3a3af012}" Name="TrackMaster Sub Flow - Get Group Members from People List" Description="Sub flow that can be called by other flows to get a list of members of a single group. Pass either the MCommunity group email, or the group name, or the group ID. Get back two arrays, one containing IDs from the People list, and one containing UniqNames, both for members of the requested group only.">
      <JsonFileName>/Workflows/TrackMasterSubFlow-GetGroupMembersfromPeopleList-A2E38D58-1832-EE11-BDF3-000D3A3AF012.json</JsonFileName>
      <Type>1</Type>
      <Subprocess>0</Subprocess>
      <Category>5</Category>
      <Mode>0</Mode>
      <Scope>4</Scope>
      <OnDemand>0</OnDemand>
      <TriggerOnCreate>0</TriggerOnCreate>
      <TriggerOnDelete>0</TriggerOnDelete>
      <AsyncAutodelete>0</AsyncAutodelete>
      <SyncWorkflowLogOnFailure>0</SyncWorkflowLogOnFailure>
      <StateCode>1</StateCode>
      <StatusCode>2</StatusCode>
      <RunAs>1</RunAs>
      <IsTransacted>1</IsTransacted>
      <IntroducedVersion>1.0.0.0</IntroducedVersion>
      <IsCustomizable>1</IsCustomizable>
      <BusinessProcessType>0</BusinessProcessType>
      <IsCustomProcessingStepAllowedForOtherPublishers>1</IsCustomProcessingStepAllowedForOtherPublishers>
      <PrimaryEntity>none</PrimaryEntity>
      <LocalizedNames>
        <LocalizedName languagecode="1033" description="TrackMaster Sub Flow - Get Group Members from People List" />
      </LocalizedNames>
      <Descriptions>
        <Description languagecode="1033" description="Sub flow that can be called by other flows to get a list of members of a single group. Pass either the MCommunity group email, or the group name, or the group ID. Get back two arrays, one containing IDs from the People list, and one containing UniqNames, both for members of the requested group only." />
      </Descriptions>
    </Workflow>
    <Workflow WorkflowId="{8b78c81c-4d32-ee11-bdf3-000d3a3af012}" Name="TrackMaster Sub Flow - Get Group Members from MCommunity CSV File" Description="Sub flow that can be called by other flows to get a list of members of a single group, using the raw data export from MCommunity. Pass the MCommunity group email. Get back one array containing UniqNames for members of the requested group only, as read from the corresponding CSV file.">
      <JsonFileName>/Workflows/TrackMasterSubFlow-GetGroupMembersfromMCommunityCS-8B78C81C-4D32-EE11-BDF3-000D3A3AF012.json</JsonFileName>
      <Type>1</Type>
      <Subprocess>0</Subprocess>
      <Category>5</Category>
      <Mode>0</Mode>
      <Scope>4</Scope>
      <OnDemand>0</OnDemand>
      <TriggerOnCreate>0</TriggerOnCreate>
      <TriggerOnDelete>0</TriggerOnDelete>
      <AsyncAutodelete>0</AsyncAutodelete>
      <SyncWorkflowLogOnFailure>0</SyncWorkflowLogOnFailure>
      <StateCode>1</StateCode>
      <StatusCode>2</StatusCode>
      <RunAs>1</RunAs>
      <IsTransacted>1</IsTransacted>
      <IntroducedVersion>1.0.0.0</IntroducedVersion>
      <IsCustomizable>1</IsCustomizable>
      <BusinessProcessType>0</BusinessProcessType>
      <IsCustomProcessingStepAllowedForOtherPublishers>1</IsCustomProcessingStepAllowedForOtherPublishers>
      <PrimaryEntity>none</PrimaryEntity>
      <LocalizedNames>
        <LocalizedName languagecode="1033" description="TrackMaster Sub Flow - Get Group Members from MCommunity CSV File" />
      </LocalizedNames>
      <Descriptions>
        <Description languagecode="1033" description="Sub flow that can be called by other flows to get a list of members of a single group, using the raw data export from MCommunity. Pass the MCommunity group email. Get back one array containing UniqNames for members of the requested group only, as read from the corresponding CSV file." />
      </Descriptions>
    </Workflow>
    <Workflow WorkflowId="{904c42ec-4232-ee11-bdf3-000d3a3af012}" Name="TrackMaster Flow - Update Center Membership Flag in People List" Description="Update the Center Membership flag in the People list based on membership in the group that is configured as holding the official members of this center or institute.">
      <JsonFileName>/Workflows/TrackMasterFlow-UpdateCenterMembershipFlaginPeople-904C42EC-4232-EE11-BDF3-000D3A3AF012.json</JsonFileName>
      <Type>1</Type>
      <Subprocess>0</Subprocess>
      <Category>5</Category>
      <Mode>0</Mode>
      <Scope>4</Scope>
      <OnDemand>0</OnDemand>
      <TriggerOnCreate>0</TriggerOnCreate>
      <TriggerOnDelete>0</TriggerOnDelete>
      <AsyncAutodelete>0</AsyncAutodelete>
      <SyncWorkflowLogOnFailure>0</SyncWorkflowLogOnFailure>
      <StateCode>1</StateCode>
      <StatusCode>2</StatusCode>
      <RunAs>1</RunAs>
      <IsTransacted>1</IsTransacted>
      <IntroducedVersion>1.0.0.0</IntroducedVersion>
      <IsCustomizable>1</IsCustomizable>
      <BusinessProcessType>0</BusinessProcessType>
      <IsCustomProcessingStepAllowedForOtherPublishers>1</IsCustomProcessingStepAllowedForOtherPublishers>
      <PrimaryEntity>none</PrimaryEntity>
      <LocalizedNames>
        <LocalizedName languagecode="1033" description="TrackMaster Flow - Update Center Membership Flag in People List" />
      </LocalizedNames>
      <Descriptions>
        <Description languagecode="1033" description="Update the Center Membership flag in the People list based on membership in the group that is configured as holding the official members of this center or institute." />
      </Descriptions>
    </Workflow>
  </Workflows>
  <FieldSecurityProfiles></FieldSecurityProfiles>
  <Templates />
  <EntityMaps />
  <EntityRelationships />
  <OrganizationSettings />
  <optionsets />
  <CustomControls />
  <EntityDataProviders />
  <connectionreferences>
    <connectionreference connectionreferencelogicalname="efdc_TrackMasterSharePointConnection">
      <connectionreferencedisplayname>TrackMaster SharePoint Connection</connectionreferencedisplayname>
      <connectorid>/providers/Microsoft.PowerApps/apis/shared_sharepointonline</connectorid>
      <description>The connection used for this instance of TrackMaster. In Power Automate flows, always remember to configure each SharePoint action and trigger to use this specific connection reference.</description>
      <iscustomizable>1</iscustomizable>
      <statecode>0</statecode>
      <statuscode>1</statuscode>
    </connectionreference>
  </connectionreferences>
  <Languages>
    <Language>1033</Language>
  </Languages>
</ImportExportXml>