<ImportExportXml xmlns:xsi="http://www.w3.org/2001/XMLSchema-instance">
  <Entities></Entities>
  <Roles></Roles>
  <Workflows>
    <Workflow WorkflowId="{6d9eafd3-9258-ee11-be6f-000d3a3af012}" Name="TrackMaster Sub Flow - Update People item using Teams" Description="Updates the information in the People list for the specified numeric ID using information from Teams. It only makes updates if the UniqName is not an email, and the account for that UniqName exists in the Michigan Medicine O365 environment, and either the Full Name = UniqName (temporary value) or the Teams account column is empty.">
      <JsonFileName>/Workflows/TrackMasterSubFlow-UpdatePeopleitemusingTeams-6D9EAFD3-9258-EE11-BE6F-000D3A3AF012.json</JsonFileName>
      <Type>1</Type>
      <Subprocess>0</Subprocess>
      <Category>5</Category>
      <Mode>0</Mode>
      <Scope>4</Scope>
      <OnDemand>0</OnDemand>
      <TriggerOnCreate>0</TriggerOnCreate>
      <TriggerOnDelete>0</TriggerOnDelete>
      <AsyncAutodelete>0</AsyncAutodelete>
      <SyncWorkflowLogOnFailure>0</SyncWorkflowLogOnFailure>
      <StateCode>1</StateCode>
      <StatusCode>2</StatusCode>
      <RunAs>1</RunAs>
      <IsTransacted>1</IsTransacted>
      <IntroducedVersion>1.0.0.1</IntroducedVersion>
      <IsCustomizable>1</IsCustomizable>
      <BusinessProcessType>0</BusinessProcessType>
      <IsCustomProcessingStepAllowedForOtherPublishers>1</IsCustomProcessingStepAllowedForOtherPublishers>
      <PrimaryEntity>none</PrimaryEntity>
      <LocalizedNames>
        <LocalizedName languagecode="1033" description="TrackMaster Sub Flow - Update People item using Teams" />
      </LocalizedNames>
      <Descriptions>
        <Description languagecode="1033" description="Updates the information in the People list for the specified numeric ID using information from Teams. It only makes updates if the UniqName is not an email, and the account for that UniqName exists in the Michigan Medicine O365 environment, and either the Full Name = UniqName (temporary value) or the Teams account column is empty." />
      </Descriptions>
    </Workflow>
    <Workflow WorkflowId="{06895e97-9031-ee11-bdf3-000d3a3af012}" Name="TrackMaster Flow - Update People list with info from Teams account" Description="Update People list with info from Teams when uniqname is from MM and Teams Account column is empty.">
      <JsonFileName>/Workflows/TrackMasterFlow-UpdatePeoplelistwithinfofromTeamsa-06895E97-9031-EE11-BDF3-000D3A3AF012.json</JsonFileName>
      <Type>1</Type>
      <Subprocess>0</Subprocess>
      <Category>5</Category>
      <Mode>0</Mode>
      <Scope>4</Scope>
      <OnDemand>0</OnDemand>
      <TriggerOnCreate>0</TriggerOnCreate>
      <TriggerOnDelete>0</TriggerOnDelete>
      <AsyncAutodelete>0</AsyncAutodelete>
      <SyncWorkflowLogOnFailure>0</SyncWorkflowLogOnFailure>
      <StateCode>1</StateCode>
      <StatusCode>2</StatusCode>
      <RunAs>1</RunAs>
      <IsTransacted>1</IsTransacted>
      <IntroducedVersion>1.0.0.0</IntroducedVersion>
      <IsCustomizable>1</IsCustomizable>
      <BusinessProcessType>0</BusinessProcessType>
      <IsCustomProcessingStepAllowedForOtherPublishers>1</IsCustomProcessingStepAllowedForOtherPublishers>
      <PrimaryEntity>none</PrimaryEntity>
      <LocalizedNames>
        <LocalizedName languagecode="1033" description="TrackMaster Flow - Update People list with info from Teams account" />
      </LocalizedNames>
      <Descriptions>
        <Description languagecode="1033" description="Update People list with info from Teams when uniqname is from MM and Teams Account column is empty." />
      </Descriptions>
    </Workflow>
    <Workflow WorkflowId="{a2e38d58-1832-ee11-bdf3-000d3a3af012}" Name="TrackMaster Sub Flow - Get Group Members from People List" Description="Sub flow that can be called by other flows to get a list of members of a single group. Pass either the MCommunity group email, or the group name, or the group ID. Get back two arrays, one containing IDs from the People list, and one containing UniqNames, both for members of the requested group only.">
      <JsonFileName>/Workflows/TrackMasterSubFlow-GetGroupMembersfromPeopleList-A2E38D58-1832-EE11-BDF3-000D3A3AF012.json</JsonFileName>
      <Type>1</Type>
      <Subprocess>0</Subprocess>
      <Category>5</Category>
      <Mode>0</Mode>
      <Scope>4</Scope>
      <OnDemand>0</OnDemand>
      <TriggerOnCreate>0</TriggerOnCreate>
      <TriggerOnDelete>0</TriggerOnDelete>
      <AsyncAutodelete>0</AsyncAutodelete>
      <SyncWorkflowLogOnFailure>0</SyncWorkflowLogOnFailure>
      <StateCode>1</StateCode>
      <StatusCode>2</StatusCode>
      <RunAs>1</RunAs>
      <IsTransacted>1</IsTransacted>
      <IntroducedVersion>1.0.0.0</IntroducedVersion>
      <IsCustomizable>1</IsCustomizable>
      <BusinessProcessType>0</BusinessProcessType>
      <IsCustomProcessingStepAllowedForOtherPublishers>1</IsCustomProcessingStepAllowedForOtherPublishers>
      <PrimaryEntity>none</PrimaryEntity>
      <LocalizedNames>
        <LocalizedName languagecode="1033" description="TrackMaster Sub Flow - Get Group Members from People List" />
      </LocalizedNames>
      <Descriptions>
        <Description languagecode="1033" description="Sub flow that can be called by other flows to get a list of members of a single group. Pass either the MCommunity group email, or the group name, or the group ID. Get back two arrays, one containing IDs from the People list, and one containing UniqNames, both for members of the requested group only." />
      </Descriptions>
    </Workflow>
    <Workflow WorkflowId="{03a32f37-b358-ee11-be6f-000d3a3af012}" Name="TrackMaster Sub Flow - Get Group and Team Info from MCommunity Email" Description="This sub flow returns the Group Id and Name, or Team Id and Name, for a given MCommunity Group email address.">
      <JsonFileName>/Workflows/TrackMasterSubFlow-GetGroupandTeamInfofromMCommuni-03A32F37-B358-EE11-BE6F-000D3A3AF012.json</JsonFileName>
      <Type>1</Type>
      <Subprocess>0</Subprocess>
      <Category>5</Category>
      <Mode>0</Mode>
      <Scope>4</Scope>
      <OnDemand>0</OnDemand>
      <TriggerOnCreate>0</TriggerOnCreate>
      <TriggerOnDelete>0</TriggerOnDelete>
      <AsyncAutodelete>0</AsyncAutodelete>
      <SyncWorkflowLogOnFailure>0</SyncWorkflowLogOnFailure>
      <StateCode>1</StateCode>
      <StatusCode>2</StatusCode>
      <RunAs>1</RunAs>
      <IsTransacted>1</IsTransacted>
      <IntroducedVersion>1.0.0.1</IntroducedVersion>
      <IsCustomizable>1</IsCustomizable>
      <BusinessProcessType>0</BusinessProcessType>
      <IsCustomProcessingStepAllowedForOtherPublishers>1</IsCustomProcessingStepAllowedForOtherPublishers>
      <PrimaryEntity>none</PrimaryEntity>
      <LocalizedNames>
        <LocalizedName languagecode="1033" description="TrackMaster Sub Flow - Get Group and Team Info from MCommunity Email" />
      </LocalizedNames>
      <Descriptions>
        <Description languagecode="1033" description="This sub flow returns the Group Id and Name, or Team Id and Name, for a given MCommunity Group email address." />
      </Descriptions>
    </Workflow>
    <Workflow WorkflowId="{523b921a-e658-ee11-be6f-000d3a3af012}" Name="TrackMaster Sub Flow - Remove Group from Person" Description="Removes a specific group (by Group ID) from a person (People ID). If the group is the Center Membership group, it also updates membership info accordingly.">
      <JsonFileName>/Workflows/TrackMasterSubFlow-RemoveGroupfromPerson-523B921A-E658-EE11-BE6F-000D3A3AF012.json</JsonFileName>
      <Type>1</Type>
      <Subprocess>0</Subprocess>
      <Category>5</Category>
      <Mode>0</Mode>
      <Scope>4</Scope>
      <OnDemand>0</OnDemand>
      <TriggerOnCreate>0</TriggerOnCreate>
      <TriggerOnDelete>0</TriggerOnDelete>
      <AsyncAutodelete>0</AsyncAutodelete>
      <SyncWorkflowLogOnFailure>0</SyncWorkflowLogOnFailure>
      <StateCode>1</StateCode>
      <StatusCode>2</StatusCode>
      <RunAs>1</RunAs>
      <IsTransacted>1</IsTransacted>
      <IntroducedVersion>1.0.0.1</IntroducedVersion>
      <IsCustomizable>1</IsCustomizable>
      <BusinessProcessType>0</BusinessProcessType>
      <IsCustomProcessingStepAllowedForOtherPublishers>1</IsCustomProcessingStepAllowedForOtherPublishers>
      <PrimaryEntity>none</PrimaryEntity>
      <LocalizedNames>
        <LocalizedName languagecode="1033" description="TrackMaster Sub Flow - Remove Group from Person" />
      </LocalizedNames>
      <Descriptions>
        <Description languagecode="1033" description="Removes a specific group (by Group ID) from a person (People ID). If the group is the Center Membership group, it also updates membership info accordingly." />
      </Descriptions>
    </Workflow>
    <Workflow WorkflowId="{8b78c81c-4d32-ee11-bdf3-000d3a3af012}" Name="TrackMaster Sub Flow - Get Group Members from MCommunity CSV File" Description="Sub flow that can be called by other flows to get a list of members of a single group, using the raw data export from MCommunity. Pass the MCommunity group email. Get back one CSV string containing UniqNames for members of the requested group only, which can be converted to an array using the split() function.">
      <JsonFileName>/Workflows/TrackMasterSubFlow-GetGroupMembersfromMCommunityCS-8B78C81C-4D32-EE11-BDF3-000D3A3AF012.json</JsonFileName>
      <Type>1</Type>
      <Subprocess>0</Subprocess>
      <Category>5</Category>
      <Mode>0</Mode>
      <Scope>4</Scope>
      <OnDemand>0</OnDemand>
      <TriggerOnCreate>0</TriggerOnCreate>
      <TriggerOnDelete>0</TriggerOnDelete>
      <AsyncAutodelete>0</AsyncAutodelete>
      <SyncWorkflowLogOnFailure>0</SyncWorkflowLogOnFailure>
      <StateCode>1</StateCode>
      <StatusCode>2</StatusCode>
      <RunAs>1</RunAs>
      <IsTransacted>1</IsTransacted>
      <IntroducedVersion>1.0.0.0</IntroducedVersion>
      <IsCustomizable>1</IsCustomizable>
      <BusinessProcessType>0</BusinessProcessType>
      <IsCustomProcessingStepAllowedForOtherPublishers>1</IsCustomProcessingStepAllowedForOtherPublishers>
      <PrimaryEntity>none</PrimaryEntity>
      <LocalizedNames>
        <LocalizedName languagecode="1033" description="TrackMaster Sub Flow - Get Group Members from MCommunity CSV File" />
      </LocalizedNames>
      <Descriptions>
        <Description languagecode="1033" description="Sub flow that can be called by other flows to get a list of members of a single group, using the raw data export from MCommunity. Pass the MCommunity group email. Get back one CSV string containing UniqNames for members of the requested group only, which can be converted to an array using the split() function." />
      </Descriptions>
    </Workflow>
    <Workflow WorkflowId="{904c42ec-4232-ee11-bdf3-000d3a3af012}" Name="TrackMaster Flow - Update Center Membership Flag in People List" Description="Update the Center Membership flag in the People list based on membership in the group that is configured as holding the official members of this center or institute.">
      <JsonFileName>/Workflows/TrackMasterFlow-UpdateCenterMembershipFlaginPeople-904C42EC-4232-EE11-BDF3-000D3A3AF012.json</JsonFileName>
      <Type>1</Type>
      <Subprocess>0</Subprocess>
      <Category>5</Category>
      <Mode>0</Mode>
      <Scope>4</Scope>
      <OnDemand>0</OnDemand>
      <TriggerOnCreate>0</TriggerOnCreate>
      <TriggerOnDelete>0</TriggerOnDelete>
      <AsyncAutodelete>0</AsyncAutodelete>
      <SyncWorkflowLogOnFailure>0</SyncWorkflowLogOnFailure>
      <StateCode>0</StateCode>
      <StatusCode>1</StatusCode>
      <RunAs>1</RunAs>
      <IsTransacted>1</IsTransacted>
      <IntroducedVersion>1.0.0.0</IntroducedVersion>
      <IsCustomizable>1</IsCustomizable>
      <BusinessProcessType>0</BusinessProcessType>
      <IsCustomProcessingStepAllowedForOtherPublishers>1</IsCustomProcessingStepAllowedForOtherPublishers>
      <PrimaryEntity>none</PrimaryEntity>
      <LocalizedNames>
        <LocalizedName languagecode="1033" description="TrackMaster Flow - Update Center Membership Flag in People List" />
      </LocalizedNames>
      <Descriptions>
        <Description languagecode="1033" description="Update the Center Membership flag in the People list based on membership in the group that is configured as holding the official members of this center or institute." />
      </Descriptions>
    </Workflow>
    <Workflow WorkflowId="{e19f85b0-d832-ee11-bdf3-000d3a3af012}" Name="Trackmaster flow: Email Center Members" Description="Email all Center Members using the selected email template.">
      <JsonFileName>/Workflows/TrackmasterflowEmailCenterMembers-E19F85B0-D832-EE11-BDF3-000D3A3AF012.json</JsonFileName>
      <Type>1</Type>
      <Subprocess>0</Subprocess>
      <Category>5</Category>
      <Mode>0</Mode>
      <Scope>4</Scope>
      <OnDemand>0</OnDemand>
      <TriggerOnCreate>0</TriggerOnCreate>
      <TriggerOnDelete>0</TriggerOnDelete>
      <AsyncAutodelete>0</AsyncAutodelete>
      <SyncWorkflowLogOnFailure>0</SyncWorkflowLogOnFailure>
      <StateCode>1</StateCode>
      <StatusCode>2</StatusCode>
      <RunAs>1</RunAs>
      <IsTransacted>1</IsTransacted>
      <IntroducedVersion>1.0.0.1</IntroducedVersion>
      <IsCustomizable>1</IsCustomizable>
      <BusinessProcessType>0</BusinessProcessType>
      <IsCustomProcessingStepAllowedForOtherPublishers>1</IsCustomProcessingStepAllowedForOtherPublishers>
      <PrimaryEntity>none</PrimaryEntity>
      <LocalizedNames>
        <LocalizedName languagecode="1033" description="Trackmaster flow: Email Center Members" />
      </LocalizedNames>
      <Descriptions>
        <Description languagecode="1033" description="Email all Center Members using the selected email template." />
      </Descriptions>
    </Workflow>
    <Workflow WorkflowId="{5274a46b-a54d-ee11-be6e-000d3a3af012}" Name="TrackMaster Sub Flow - Get Team Email" Description="Returns an email address for a specific Team (based on Team ID), using the first of the following: MCommunity group associated with the Team; if empty, email of the Team Leader; if empty, a default value.">
      <JsonFileName>/Workflows/TrackMasterSubFlow-GetTeamEmail-5274A46B-A54D-EE11-BE6E-000D3A3AF012.json</JsonFileName>
      <Type>1</Type>
      <Subprocess>0</Subprocess>
      <Category>5</Category>
      <Mode>0</Mode>
      <Scope>4</Scope>
      <OnDemand>0</OnDemand>
      <TriggerOnCreate>0</TriggerOnCreate>
      <TriggerOnDelete>0</TriggerOnDelete>
      <AsyncAutodelete>0</AsyncAutodelete>
      <SyncWorkflowLogOnFailure>0</SyncWorkflowLogOnFailure>
      <StateCode>1</StateCode>
      <StatusCode>2</StatusCode>
      <RunAs>1</RunAs>
      <IsTransacted>1</IsTransacted>
      <IntroducedVersion>1.0.0.1</IntroducedVersion>
      <IsCustomizable>1</IsCustomizable>
      <BusinessProcessType>0</BusinessProcessType>
      <IsCustomProcessingStepAllowedForOtherPublishers>1</IsCustomProcessingStepAllowedForOtherPublishers>
      <PrimaryEntity>none</PrimaryEntity>
      <LocalizedNames>
        <LocalizedName languagecode="1033" description="TrackMaster Sub Flow - Get Team Email" />
      </LocalizedNames>
      <Descriptions>
        <Description languagecode="1033" description="Returns an email address for a specific Team (based on Team ID), using the first of the following: MCommunity group associated with the Team; if empty, email of the Team Leader; if empty, a default value." />
      </Descriptions>
    </Workflow>
    <Workflow WorkflowId="{7d672c3c-d24d-ee11-be6e-000d3a3af012}" Name="TrackMaster Sub Flow - Get Team Lead Email" Description="Returns an email address for a specific Team lead (based on Team ID), or a blank value if not found.">
      <JsonFileName>/Workflows/TrackMasterSubFlow-GetTeamLeadEmail-7D672C3C-D24D-EE11-BE6E-000D3A3AF012.json</JsonFileName>
      <Type>1</Type>
      <Subprocess>0</Subprocess>
      <Category>5</Category>
      <Mode>0</Mode>
      <Scope>4</Scope>
      <OnDemand>0</OnDemand>
      <TriggerOnCreate>0</TriggerOnCreate>
      <TriggerOnDelete>0</TriggerOnDelete>
      <AsyncAutodelete>0</AsyncAutodelete>
      <SyncWorkflowLogOnFailure>0</SyncWorkflowLogOnFailure>
      <StateCode>1</StateCode>
      <StatusCode>2</StatusCode>
      <RunAs>1</RunAs>
      <IsTransacted>1</IsTransacted>
      <IntroducedVersion>1.0.0.1</IntroducedVersion>
      <IsCustomizable>1</IsCustomizable>
      <BusinessProcessType>0</BusinessProcessType>
      <IsCustomProcessingStepAllowedForOtherPublishers>1</IsCustomProcessingStepAllowedForOtherPublishers>
      <PrimaryEntity>none</PrimaryEntity>
      <LocalizedNames>
        <LocalizedName languagecode="1033" description="TrackMaster Sub Flow - Get Team Lead Email" />
      </LocalizedNames>
      <Descriptions>
        <Description languagecode="1033" description="Returns an email address for a specific Team lead (based on Team ID), or a blank value if not found." />
      </Descriptions>
    </Workflow>
    <Workflow WorkflowId="{18081672-ad4d-ee11-be6e-000d3a3af012}" Name="TrackMaster Flow - Send Referral Notifications" Description="This flow sends an email notification to the &quot;Referred to&quot; team, or if available, to the &quot;Assignee&quot; directly.">
      <JsonFileName>/Workflows/TrackMasterFlow-SendReferralNotifications-18081672-AD4D-EE11-BE6E-000D3A3AF012.json</JsonFileName>
      <Type>1</Type>
      <Subprocess>0</Subprocess>
      <Category>5</Category>
      <Mode>0</Mode>
      <Scope>4</Scope>
      <OnDemand>0</OnDemand>
      <TriggerOnCreate>0</TriggerOnCreate>
      <TriggerOnDelete>0</TriggerOnDelete>
      <AsyncAutodelete>0</AsyncAutodelete>
      <SyncWorkflowLogOnFailure>0</SyncWorkflowLogOnFailure>
      <StateCode>1</StateCode>
      <StatusCode>2</StatusCode>
      <RunAs>1</RunAs>
      <IsTransacted>1</IsTransacted>
      <IntroducedVersion>1.0.0.1</IntroducedVersion>
      <IsCustomizable>1</IsCustomizable>
      <BusinessProcessType>0</BusinessProcessType>
      <IsCustomProcessingStepAllowedForOtherPublishers>1</IsCustomProcessingStepAllowedForOtherPublishers>
      <PrimaryEntity>none</PrimaryEntity>
      <LocalizedNames>
        <LocalizedName languagecode="1033" description="TrackMaster Flow - Send Referral Notifications" />
      </LocalizedNames>
      <Descriptions>
        <Description languagecode="1033" description="This flow sends an email notification to the &quot;Referred to&quot; team, or if available, to the &quot;Assignee&quot; directly." />
      </Descriptions>
    </Workflow>
    <Workflow WorkflowId="{fa374180-874e-ee11-be6e-000d3a3af012}" Name="TrackMaster Flow - Update Last Engagement Date">
      <JsonFileName>/Workflows/TrackMasterFlow-UpdateLastEngagementDate-FA374180-874E-EE11-BE6E-000D3A3AF012.json</JsonFileName>
      <Type>1</Type>
      <Subprocess>0</Subprocess>
      <Category>5</Category>
      <Mode>0</Mode>
      <Scope>4</Scope>
      <OnDemand>0</OnDemand>
      <TriggerOnCreate>0</TriggerOnCreate>
      <TriggerOnDelete>0</TriggerOnDelete>
      <AsyncAutodelete>0</AsyncAutodelete>
      <SyncWorkflowLogOnFailure>0</SyncWorkflowLogOnFailure>
      <StateCode>1</StateCode>
      <StatusCode>2</StatusCode>
      <RunAs>1</RunAs>
      <IsTransacted>1</IsTransacted>
      <IntroducedVersion>1.0.0.1</IntroducedVersion>
      <IsCustomizable>1</IsCustomizable>
      <BusinessProcessType>0</BusinessProcessType>
      <IsCustomProcessingStepAllowedForOtherPublishers>1</IsCustomProcessingStepAllowedForOtherPublishers>
      <PrimaryEntity>none</PrimaryEntity>
      <LocalizedNames>
        <LocalizedName languagecode="1033" description="TrackMaster Flow - Update Last Engagement Date" />
      </LocalizedNames>
    </Workflow>
    <Workflow WorkflowId="{99553e8e-2853-ee11-be6f-000d3a3af012}" Name="TrackMaster Sub Flow - Add Group to Person" Description="Adds a specific group (by Group ID) to a person (People ID). If the group is the Center Membership group, it also adds membership info.">
      <JsonFileName>/Workflows/TrackMasterSubFlow-AddGrouptoPerson-99553E8E-2853-EE11-BE6F-000D3A3AF012.json</JsonFileName>
      <Type>1</Type>
      <Subprocess>0</Subprocess>
      <Category>5</Category>
      <Mode>0</Mode>
      <Scope>4</Scope>
      <OnDemand>0</OnDemand>
      <TriggerOnCreate>0</TriggerOnCreate>
      <TriggerOnDelete>0</TriggerOnDelete>
      <AsyncAutodelete>0</AsyncAutodelete>
      <SyncWorkflowLogOnFailure>0</SyncWorkflowLogOnFailure>
      <StateCode>1</StateCode>
      <StatusCode>2</StatusCode>
      <RunAs>1</RunAs>
      <IsTransacted>1</IsTransacted>
      <IntroducedVersion>1.0.0.1</IntroducedVersion>
      <IsCustomizable>1</IsCustomizable>
      <BusinessProcessType>0</BusinessProcessType>
      <IsCustomProcessingStepAllowedForOtherPublishers>1</IsCustomProcessingStepAllowedForOtherPublishers>
      <PrimaryEntity>none</PrimaryEntity>
      <LocalizedNames>
        <LocalizedName languagecode="1033" description="TrackMaster Sub Flow - Add Group to Person" />
      </LocalizedNames>
      <Descriptions>
        <Description languagecode="1033" description="Adds a specific group (by Group ID) to a person (People ID). If the group is the Center Membership group, it also adds membership info." />
      </Descriptions>
    </Workflow>
    <Workflow WorkflowId="{144a8594-8958-ee11-be6f-000d3a3af012}" Name="TrackMaster Sub Flow - Get Group Lead Email" Description="Returns an email address for a specific Group lead (based on Group ID), or a blank value if not found.">
      <JsonFileName>/Workflows/TrackMasterSubFlow-GetGroupLeadEmail-144A8594-8958-EE11-BE6F-000D3A3AF012.json</JsonFileName>
      <Type>1</Type>
      <Subprocess>0</Subprocess>
      <Category>5</Category>
      <Mode>0</Mode>
      <Scope>4</Scope>
      <OnDemand>0</OnDemand>
      <TriggerOnCreate>0</TriggerOnCreate>
      <TriggerOnDelete>0</TriggerOnDelete>
      <AsyncAutodelete>0</AsyncAutodelete>
      <SyncWorkflowLogOnFailure>0</SyncWorkflowLogOnFailure>
      <StateCode>1</StateCode>
      <StatusCode>2</StatusCode>
      <RunAs>1</RunAs>
      <IsTransacted>1</IsTransacted>
      <IntroducedVersion>1.0.0.1</IntroducedVersion>
      <IsCustomizable>1</IsCustomizable>
      <BusinessProcessType>0</BusinessProcessType>
      <IsCustomProcessingStepAllowedForOtherPublishers>1</IsCustomProcessingStepAllowedForOtherPublishers>
      <PrimaryEntity>none</PrimaryEntity>
      <LocalizedNames>
        <LocalizedName languagecode="1033" description="TrackMaster Sub Flow - Get Group Lead Email" />
      </LocalizedNames>
      <Descriptions>
        <Description languagecode="1033" description="Returns an email address for a specific Group lead (based on Group ID), or a blank value if not found." />
      </Descriptions>
    </Workflow>
    <Workflow WorkflowId="{dde0838f-8c58-ee11-be6f-000d3a3af012}" Name="TrackMaster Flow - Cleanup Tasks When Adding New People">
      <JsonFileName>/Workflows/TrackMasterFlow-CleanupTasksWhenAddingNewPeople-DDE0838F-8C58-EE11-BE6F-000D3A3AF012.json</JsonFileName>
      <Type>1</Type>
      <Subprocess>0</Subprocess>
      <Category>5</Category>
      <Mode>0</Mode>
      <Scope>4</Scope>
      <OnDemand>0</OnDemand>
      <TriggerOnCreate>0</TriggerOnCreate>
      <TriggerOnDelete>0</TriggerOnDelete>
      <AsyncAutodelete>0</AsyncAutodelete>
      <SyncWorkflowLogOnFailure>0</SyncWorkflowLogOnFailure>
      <StateCode>1</StateCode>
      <StatusCode>2</StatusCode>
      <RunAs>1</RunAs>
      <IsTransacted>1</IsTransacted>
      <IntroducedVersion>1.0.0.1</IntroducedVersion>
      <IsCustomizable>1</IsCustomizable>
      <BusinessProcessType>0</BusinessProcessType>
      <IsCustomProcessingStepAllowedForOtherPublishers>1</IsCustomProcessingStepAllowedForOtherPublishers>
      <PrimaryEntity>none</PrimaryEntity>
      <LocalizedNames>
        <LocalizedName languagecode="1033" description="TrackMaster Flow - Cleanup Tasks When Adding New People" />
      </LocalizedNames>
    </Workflow>
    <Workflow WorkflowId="{cf9972e9-5d59-ee11-be6f-000d3a3af012}" Name="TrackMaster Sub Flow - Update Group Membership Using CSV File" Description="Updates group membership in the People list using the CSV file (from MCommunity) that corresponds to the given MCommunity group address. The address must be tied to a group in the Groups List, and a CSV file with uniqnames only must exist in the /data/MCommunityGroups folder.">
      <JsonFileName>/Workflows/TrackMasterSubFlow-UpdateGroupMembershipUsingCSVFi-CF9972E9-5D59-EE11-BE6F-000D3A3AF012.json</JsonFileName>
      <Type>1</Type>
      <Subprocess>0</Subprocess>
      <Category>5</Category>
      <Mode>0</Mode>
      <Scope>4</Scope>
      <OnDemand>0</OnDemand>
      <TriggerOnCreate>0</TriggerOnCreate>
      <TriggerOnDelete>0</TriggerOnDelete>
      <AsyncAutodelete>0</AsyncAutodelete>
      <SyncWorkflowLogOnFailure>0</SyncWorkflowLogOnFailure>
      <StateCode>1</StateCode>
      <StatusCode>2</StatusCode>
      <RunAs>1</RunAs>
      <IsTransacted>1</IsTransacted>
      <IntroducedVersion>1.0.0.1</IntroducedVersion>
      <IsCustomizable>1</IsCustomizable>
      <BusinessProcessType>0</BusinessProcessType>
      <IsCustomProcessingStepAllowedForOtherPublishers>1</IsCustomProcessingStepAllowedForOtherPublishers>
      <PrimaryEntity>none</PrimaryEntity>
      <LocalizedNames>
        <LocalizedName languagecode="1033" description="TrackMaster Sub Flow - Update Group Membership Using CSV File" />
      </LocalizedNames>
      <Descriptions>
        <Description languagecode="1033" description="Updates group membership in the People list using the CSV file (from MCommunity) that corresponds to the given MCommunity group address. The address must be tied to a group in the Groups List, and a CSV file with uniqnames only must exist in the /data/MCommunityGroups folder." />
      </Descriptions>
    </Workflow>
    <Workflow WorkflowId="{e00f569d-d55b-ee11-be6f-000d3a3af012}" Name="TrackMaster Flow - Update Group Membership Daily">
      <JsonFileName>/Workflows/TrackMasterFlow-UpdateGroupMembershipDaily-E00F569D-D55B-EE11-BE6F-000D3A3AF012.json</JsonFileName>
      <Type>1</Type>
      <Subprocess>0</Subprocess>
      <Category>5</Category>
      <Mode>0</Mode>
      <Scope>4</Scope>
      <OnDemand>0</OnDemand>
      <TriggerOnCreate>0</TriggerOnCreate>
      <TriggerOnDelete>0</TriggerOnDelete>
      <AsyncAutodelete>0</AsyncAutodelete>
      <SyncWorkflowLogOnFailure>0</SyncWorkflowLogOnFailure>
      <StateCode>1</StateCode>
      <StatusCode>2</StatusCode>
      <RunAs>1</RunAs>
      <IsTransacted>1</IsTransacted>
      <IntroducedVersion>1.0.0.1</IntroducedVersion>
      <IsCustomizable>1</IsCustomizable>
      <BusinessProcessType>0</BusinessProcessType>
      <IsCustomProcessingStepAllowedForOtherPublishers>1</IsCustomProcessingStepAllowedForOtherPublishers>
      <PrimaryEntity>none</PrimaryEntity>
      <LocalizedNames>
        <LocalizedName languagecode="1033" description="TrackMaster Flow - Update Group Membership Daily" />
      </LocalizedNames>
    </Workflow>
  </Workflows>
  <FieldSecurityProfiles></FieldSecurityProfiles>
  <Templates />
  <EntityMaps />
  <EntityRelationships />
  <OrganizationSettings />
  <optionsets />
  <CustomControls />
  <EntityDataProviders />
  <connectionreferences>
    <connectionreference connectionreferencelogicalname="efdc_TrackMasterEmailNotificationsConnection">
      <connectionreferencedisplayname>TrackMaster Email Notifications Connection</connectionreferencedisplayname>
      <connectorid>/providers/Microsoft.PowerApps/apis/shared_sendmail</connectorid>
      <description>Shared connector for TrackMaster used for sending email notifications.</description>
      <iscustomizable>1</iscustomizable>
      <statecode>0</statecode>
      <statuscode>1</statuscode>
    </connectionreference>
    <connectionreference connectionreferencelogicalname="efdc_TrackMasterSharePointConnection">
      <connectionreferencedisplayname>TrackMaster SharePoint Connection</connectionreferencedisplayname>
      <connectorid>/providers/Microsoft.PowerApps/apis/shared_sharepointonline</connectorid>
      <description>The connection used for this instance of TrackMaster. In Power Automate flows, always remember to configure each SharePoint action and trigger to use this specific connection reference.</description>
      <iscustomizable>1</iscustomizable>
      <statecode>0</statecode>
      <statuscode>1</statuscode>
    </connectionreference>
  </connectionreferences>
  <Languages>
    <Language>1033</Language>
  </Languages>
</ImportExportXml>