<ImportExportXml version="9.2.23083.184" SolutionPackageVersion="9.2" languagecode="1033" generatedBy="CrmLive" xmlns:xsi="http://www.w3.org/2001/XMLSchema-instance">
  <SolutionManifest>
    <UniqueName>TrackMaster_EFDC</UniqueName>
    <LocalizedNames>
      <LocalizedName description="TrackMaster: Depression Center Membership Tracking" languagecode="1033" />
    </LocalizedNames>
    <Descriptions>
      <Description description="Collection of Power Automate flows to support TrackMaster, the membership tracking tool from the Eisenberg Family Depression Center. Learn more at https://depressioncenter.org or see our code at https://github.com/DepressionCenter" languagecode="1033" />
    </Descriptions>
    <Version>1.0.0.2</Version>
    <Managed>0</Managed>
    <Publisher>
      <UniqueName>EFDC</UniqueName>
      <LocalizedNames>
        <LocalizedName description="Eisenberg Family Depression Center" languagecode="1033" />
      </LocalizedNames>
      <Descriptions>
        <Description description="Power Automate flows created by the Eisenberg Family Depression Center. Learn more at https://depressioncenter.org or see our code at: https://github.com/DepressionCenter" languagecode="1033" />
      </Descriptions>
      <EMailAddress>efdc-mobiletech@umich.edu</EMailAddress>
      <SupportingWebsiteUrl>https://depressioncenter.org</SupportingWebsiteUrl>
      <CustomizationPrefix>efdc</CustomizationPrefix>
      <CustomizationOptionValuePrefix>48104</CustomizationOptionValuePrefix>
      <Addresses>
        <Address>
          <AddressNumber>1</AddressNumber>
          <AddressTypeCode>1</AddressTypeCode>
          <City>Ann Arbor</City>
          <County xsi:nil="true"></County>
          <Country>United States</Country>
          <Fax xsi:nil="true"></Fax>
          <FreightTermsCode xsi:nil="true"></FreightTermsCode>
          <ImportSequenceNumber xsi:nil="true"></ImportSequenceNumber>
          <Latitude xsi:nil="true"></Latitude>
          <Line1 xsi:nil="true"></Line1>
          <Line2 xsi:nil="true"></Line2>
          <Line3 xsi:nil="true"></Line3>
          <Longitude xsi:nil="true"></Longitude>
          <Name xsi:nil="true"></Name>
          <PostalCode>48104</PostalCode>
          <PostOfficeBox xsi:nil="true"></PostOfficeBox>
          <PrimaryContactName xsi:nil="true"></PrimaryContactName>
          <ShippingMethodCode>1</ShippingMethodCode>
          <StateOrProvince>MI</StateOrProvince>
          <Telephone1 xsi:nil="true"></Telephone1>
          <Telephone2 xsi:nil="true"></Telephone2>
          <Telephone3 xsi:nil="true"></Telephone3>
          <TimeZoneRuleVersionNumber xsi:nil="true"></TimeZoneRuleVersionNumber>
          <UPSZone xsi:nil="true"></UPSZone>
          <UTCOffset xsi:nil="true"></UTCOffset>
          <UTCConversionTimeZoneCode xsi:nil="true"></UTCConversionTimeZoneCode>
        </Address>
        <Address>
          <AddressNumber>2</AddressNumber>
          <AddressTypeCode>1</AddressTypeCode>
          <City xsi:nil="true"></City>
          <County xsi:nil="true"></County>
          <Country xsi:nil="true"></Country>
          <Fax xsi:nil="true"></Fax>
          <FreightTermsCode xsi:nil="true"></FreightTermsCode>
          <ImportSequenceNumber xsi:nil="true"></ImportSequenceNumber>
          <Latitude xsi:nil="true"></Latitude>
          <Line1 xsi:nil="true"></Line1>
          <Line2 xsi:nil="true"></Line2>
          <Line3 xsi:nil="true"></Line3>
          <Longitude xsi:nil="true"></Longitude>
          <Name xsi:nil="true"></Name>
          <PostalCode xsi:nil="true"></PostalCode>
          <PostOfficeBox xsi:nil="true"></PostOfficeBox>
          <PrimaryContactName xsi:nil="true"></PrimaryContactName>
          <ShippingMethodCode>1</ShippingMethodCode>
          <StateOrProvince xsi:nil="true"></StateOrProvince>
          <Telephone1 xsi:nil="true"></Telephone1>
          <Telephone2 xsi:nil="true"></Telephone2>
          <Telephone3 xsi:nil="true"></Telephone3>
          <TimeZoneRuleVersionNumber xsi:nil="true"></TimeZoneRuleVersionNumber>
          <UPSZone xsi:nil="true"></UPSZone>
          <UTCOffset xsi:nil="true"></UTCOffset>
          <UTCConversionTimeZoneCode xsi:nil="true"></UTCConversionTimeZoneCode>
        </Address>
      </Addresses>
    </Publisher>
    <RootComponents>
      <RootComponent type="29" id="{03a32f37-b358-ee11-be6f-000d3a3af012}" behavior="0" />
      <RootComponent type="29" id="{06895e97-9031-ee11-bdf3-000d3a3af012}" behavior="0" />
      <RootComponent type="29" id="{144a8594-8958-ee11-be6f-000d3a3af012}" behavior="0" />
      <RootComponent type="29" id="{18081672-ad4d-ee11-be6e-000d3a3af012}" behavior="0" />
      <RootComponent type="29" id="{523b921a-e658-ee11-be6f-000d3a3af012}" behavior="0" />
      <RootComponent type="29" id="{5274a46b-a54d-ee11-be6e-000d3a3af012}" behavior="0" />
      <RootComponent type="29" id="{6d9eafd3-9258-ee11-be6f-000d3a3af012}" behavior="0" />
      <RootComponent type="29" id="{7d672c3c-d24d-ee11-be6e-000d3a3af012}" behavior="0" />
      <RootComponent type="29" id="{8b78c81c-4d32-ee11-bdf3-000d3a3af012}" behavior="0" />
      <RootComponent type="29" id="{904c42ec-4232-ee11-bdf3-000d3a3af012}" behavior="0" />
      <RootComponent type="29" id="{99553e8e-2853-ee11-be6f-000d3a3af012}" behavior="0" />
      <RootComponent type="29" id="{a2e38d58-1832-ee11-bdf3-000d3a3af012}" behavior="0" />
      <RootComponent type="29" id="{cf9972e9-5d59-ee11-be6f-000d3a3af012}" behavior="0" />
      <RootComponent type="29" id="{dde0838f-8c58-ee11-be6f-000d3a3af012}" behavior="0" />
      <RootComponent type="29" id="{e00f569d-d55b-ee11-be6f-000d3a3af012}" behavior="0" />
      <RootComponent type="29" id="{e19f85b0-d832-ee11-bdf3-000d3a3af012}" behavior="0" />
      <RootComponent type="29" id="{fa374180-874e-ee11-be6e-000d3a3af012}" behavior="0" />
    </RootComponents>
    <MissingDependencies>
      <MissingDependency>
        <Required type="connectionreference" displayName="efdc_sharedsendmail_0e7a0" solution="Active" id.connectionreferencelogicalname="efdc_sharedsendmail_0e7a0" />
        <Dependent type="29" displayName="TrackMaster Flow - Send Referral Notifications" id="{18081672-ad4d-ee11-be6e-000d3a3af012}" />
      </MissingDependency>
    </MissingDependencies>
  </SolutionManifest>
</ImportExportXml>