<environmentvariabledefinition schemaname="efdc_CenterShortName">
  <defaultvalue>EFDC</defaultvalue>
  <description default="The short name or initials of the Center or Institute, to be used wherever those initials are displayed.">
    <label description="The short name or initials of the Center or Institute, to be used wherever those initials are displayed." languagecode="1033" />
  </description>
  <displayname default="Center Short Name">
    <label description="Center Short Name" languagecode="1033" />
  </displayname>
  <introducedversion>1.0.0.0</introducedversion>
  <iscustomizable>1</iscustomizable>
  <isrequired>0</isrequired>
  <secretstore>0</secretstore>
  <type>100000000</type>
</environmentvariabledefinition>