<environmentvariabledefinition schemaname="efdc_CenterName">
  <defaultvalue>Eisenberg Family Depression Center</defaultvalue>
  <description default="The name of the Center or Institute, used wherever the Center's name would be displayed.">
    <label description="The name of the Center or Institute, used wherever the Center's name would be displayed." languagecode="1033" />
  </description>
  <displayname default="Center Name">
    <label description="Center Name" languagecode="1033" />
  </displayname>
  <introducedversion>1.0.0.0</introducedversion>
  <iscustomizable>1</iscustomizable>
  <isrequired>0</isrequired>
  <secretstore>0</secretstore>
  <type>100000000</type>
</environmentvariabledefinition>