<environmentvariabledefinition schemaname="efdc_CenterMembershipGroup">
  <defaultvalue>efdc.members@umich.edu</defaultvalue>
  <description default="Enter the email of the MCommunity group that determines whether a person is a member of this center or institute.">
    <label description="Enter the email of the MCommunity group that determines whether a person is a member of this center or institute." languagecode="1033" />
  </description>
  <displayname default="Center Membership Group">
    <label description="Center Membership Group" languagecode="1033" />
  </displayname>
  <introducedversion>1.0.0.0</introducedversion>
  <iscustomizable>1</iscustomizable>
  <isrequired>0</isrequired>
  <secretstore>0</secretstore>
  <type>100000000</type>
</environmentvariabledefinition>