<environmentvariabledefinition schemaname="efdc_TrackMasterSharePointSiteBaseURL">
  <defaultvalue>https://umhealth.sharepoint.com/sites/DepressionCenter-TrackMaster</defaultvalue>
  <description default="The URL of the TrackMaster site, without a trailing slash and without a page name.">
    <label description="The URL of the TrackMaster site, without a trailing slash and without a page name." languagecode="1033" />
  </description>
  <displayname default="TrackMaster SharePoint Site Base URL">
    <label description="TrackMaster SharePoint Site Base URL" languagecode="1033" />
  </displayname>
  <introducedversion>1.0.0.0</introducedversion>
  <iscustomizable>1</iscustomizable>
  <isrequired>0</isrequired>
  <secretstore>0</secretstore>
  <type>100000000</type>
</environmentvariabledefinition>