<environmentvariabledefinition schemaname="efdc_CenterStaffEmailAddress">
  <defaultvalue>efdc-staff@umich.edu</defaultvalue>
  <description default="The default email to use for notifications when all staff members must be notified.">
    <label description="The default email to use for notifications when all staff members must be notified." languagecode="1033" />
  </description>
  <displayname default="Center Staff Email Address">
    <label description="Center Staff Email Address" languagecode="1033" />
  </displayname>
  <introducedversion>1.0.0.1</introducedversion>
  <iscustomizable>1</iscustomizable>
  <isrequired>0</isrequired>
  <secretstore>0</secretstore>
  <type>100000000</type>
</environmentvariabledefinition>