{"name":"c2107fd7-dbcf-4f6a-b4f7-a0d399276459","id":"/providers/Microsoft.Flow/flows/c2107fd7-dbcf-4f6a-b4f7-a0d399276459","type":"Microsoft.Flow/flows","properties":{"apiId":"/providers/Microsoft.PowerApps/apis/shared_logicflows","displayName":"Loop through MCommunity membership files EXAMPLE","definition":{"metadata":{"workflowEntityId":null,"processAdvisorMetadata":null,"flowChargedByPaygo":null,"flowclientsuspensionreason":"None","flowclientsuspensiontime":null,"flowclientsuspensionreasondetails":null,"creator":{"id":"7dd5f4ff-6642-4231-89cb-c2f3b71f50cf","type":"User","tenantId":"1f41d613-d3a1-4ead-918d-2a25b10de330"},"provisioningMethod":"FromDefinition","failureAlertSubscription":true,"clientLastModifiedTime":"2023-08-01T18:46:32.8029923Z"},"$schema":"https://schema.management.azure.com/providers/Microsoft.Logic/schemas/2016-06-01/workflowdefinition.json#","contentVersion":"1.0.0.0","parameters":{"$connections":{"defaultValue":{},"type":"Object"},"$authentication":{"defaultValue":{},"type":"SecureObject"}},"triggers":{"Recurrence":{"recurrence":{"frequency":"Month","interval":12,"startTime":"2023-08-01T14:00:00.000Z"},"metadata":{"operationMetadataId":"f8d6077b-5d9a-4ff2-b1f3-ccfca90eff46"},"type":"Recurrence"}},"actions":{"Get_CSV_files_from_data_folder_(properties_only)":{"runAfter":{"Initialize_CurrentGroupID_variable":["Succeeded"]},"metadata":{"operationMetadataId":"371edaac-f90b-41ba-b569-ae4fde7d3d4b"},"type":"OpenApiConnection","inputs":{"host":{"apiId":"/providers/Microsoft.PowerApps/apis/shared_sharepointonline","connectionName":"shared_sharepointonline","operationId":"GetFileItems"},"parameters":{"dataset":"https://umhealth.sharepoint.com/sites/DepressionCenter-TrackMaster","table":"91f9a71f-f94c-4ec7-9ddd-108116bc5035","folderPath":"/Shared Documents/data/MCommunityGroupMembers","$filter":"File_x0020_Type eq 'csv'","$top":50},"authentication":"@parameters('$authentication')"}},"Loop_through_list_of_CSV_files":{"foreach":"@outputs('Get_CSV_files_from_data_folder_(properties_only)')?['body/value']","actions":{"Get_Group_List_info_matching_the_MCommunity_name_in_the_CSV_file_name":{"runAfter":{"Set_CurrentMCommunityGroupName_variable":["Succeeded"]},"metadata":{"operationMetadataId":"0f739458-8424-4604-9c41-06269805bf6f"},"type":"OpenApiConnection","inputs":{"host":{"apiId":"/providers/Microsoft.PowerApps/apis/shared_sharepointonline","connectionName":"shared_sharepointonline","operationId":"GetItems"},"parameters":{"dataset":"https://umhealth.sharepoint.com/sites/DepressionCenter-TrackMaster","table":"ce40c203-443b-415e-8ef7-42e60e264763","$filter":"MCommunity_x0020_Group eq '@{variables('CurrentMCommunityGroupName')}'"},"authentication":"@parameters('$authentication')"}},"Loop_through_matching_groups_to_get_group_ID_-_keep_last_match_only":{"foreach":"@outputs('Get_Group_List_info_matching_the_MCommunity_name_in_the_CSV_file_name')?['body/value']","actions":{"Set_CurrentGroupID_variable":{"runAfter":{},"metadata":{"operationMetadataId":"a69d1b94-cf31-4487-8815-bf3550bf006f"},"type":"SetVariable","inputs":{"name":"CurrentGroupID","value":"@items('Loop_through_matching_groups_to_get_group_ID_-_keep_last_match_only')?['ID']"}}},"runAfter":{"Get_Group_List_info_matching_the_MCommunity_name_in_the_CSV_file_name":["Succeeded"]},"metadata":{"operationMetadataId":"40d499c4-12fa-47c0-b837-5e97cebf7145"},"type":"Foreach"},"Reset_CurrentMCommunityGroupName_variable":{"runAfter":{},"metadata":{"operationMetadataId":"ae6749a5-2261-4d9c-8ff7-0f894fb6e714"},"type":"SetVariable","inputs":{"name":"CurrentMCommunityGroupName","value":"@{trim('')}"}},"Reset_CurrentGroupID_variable":{"runAfter":{"Reset_CurrentMCommunityGroupName_variable":["Succeeded"]},"metadata":{"operationMetadataId":"25831e9c-071f-46e8-8434-1b524d2239d3"},"type":"SetVariable","inputs":{"name":"CurrentGroupID","value":0}},"Set_CurrentMCommunityGroupName_variable":{"runAfter":{"Reset_CurrentGroupID_variable":["Succeeded"]},"metadata":{"operationMetadataId":"e6f6f91b-8d06-41f0-99a8-99e4bc649ff2"},"type":"SetVariable","inputs":{"name":"CurrentMCommunityGroupName","value":"@items('Loop_through_list_of_CSV_files')?['{Name}']"}},"Add_Group_Membership":{"actions":{},"runAfter":{"DEBUG_-_see_file_contents":["Succeeded"]},"metadata":{"operationMetadataId":"0b5e4784-e8fc-42d0-9b2e-cb6cdc51bfd4"},"type":"Scope"},"Remove_Group_Membership":{"actions":{},"runAfter":{"Add_Group_Membership":["Succeeded"]},"metadata":{"operationMetadataId":"f70ef35b-70c7-4df5-b968-40e97dad2223"},"type":"Scope"},"Get_file_content":{"runAfter":{"Loop_through_matching_groups_to_get_group_ID_-_keep_last_match_only":["Succeeded"]},"metadata":{"operationMetadataId":"460f0cc4-42f8-4cd0-bc5d-d80769b089be"},"type":"OpenApiConnection","inputs":{"host":{"apiId":"/providers/Microsoft.PowerApps/apis/shared_sharepointonline","connectionName":"shared_sharepointonline","operationId":"GetFileContent"},"parameters":{"dataset":"https://umhealth.sharepoint.com/sites/DepressionCenter-TrackMaster","id":"@items('Loop_through_list_of_CSV_files')?['{Identifier}']","inferContentType":true},"authentication":"@parameters('$authentication')"}},"DEBUG_-_see_file_contents":{"runAfter":{"Get_file_content":["Succeeded"]},"metadata":{"operationMetadataId":"887cbb69-d16c-4645-943e-73dcc5147744"},"type":"Compose","inputs":"@base64tostring(outputs('Get_file_content')?['body']['$content'])"}},"runAfter":{"Get_CSV_files_from_data_folder_(properties_only)":["Succeeded"]},"metadata":{"operationMetadataId":"327560db-377b-446d-8559-0ff488c01b66"},"type":"Foreach"},"Initialize_CurrentMCommunityGroupName_variable":{"runAfter":{},"metadata":{"operationMetadataId":"6142ff91-19a2-4689-9a77-e8cc8f9fbf10"},"type":"InitializeVariable","inputs":{"variables":[{"name":"CurrentMCommunityGroupName","type":"string"}]}},"Initialize_CurrentGroupID_variable":{"runAfter":{"Initialize_CurrentMCommunityGroupName_variable":["Succeeded"]},"metadata":{"operationMetadataId":"7c1ab271-44dc-4770-b015-d6939a62a500"},"type":"InitializeVariable","inputs":{"variables":[{"name":"CurrentGroupID","type":"integer","value":0}]}}}},"connectionReferences":{"shared_sharepointonline":{"connectionName":"a5033d3908bf4b4db23f03c32826e63e","source":"Embedded","id":"/providers/Microsoft.PowerApps/apis/shared_sharepointonline","tier":"NotSpecified"}},"flowFailureAlertSubscribed":false,"isManaged":false}}