{
  "properties": {
    "connectionReferences": {
      "shared_sharepointonline_1": {
        "runtimeSource": "embedded",
        "connection": {
          "connectionReferenceLogicalName": "efdc_TrackMasterSharePointConnection"
        },
        "api": {
          "name": "shared_sharepointonline"
        }
      }
    },
    "definition": {
      "$schema": "https://schema.management.azure.com/providers/Microsoft.Logic/schemas/2016-06-01/workflowdefinition.json#",
      "contentVersion": "1.0.0.0",
      "parameters": {
        "$connections": {
          "defaultValue": {},
          "type": "Object"
        },
        "$authentication": {
          "defaultValue": {},
          "type": "SecureObject"
        },
        "TrackMaster SharePoint Site Base URL (efdc_TrackMasterSharePointSiteBaseURL)": {
          "defaultValue": "https://umhealth.sharepoint.com/sites/DepressionCenter-TrackMaster",
          "type": "String",
          "metadata": {
            "schemaName": "efdc_TrackMasterSharePointSiteBaseURL",
            "description": "The URL of the TrackMaster site, without a trailing slash and without a page name."
          }
        }
      },
      "triggers": {
        "manual": {
          "metadata": {
            "operationMetadataId": "5bdca45a-55b1-4ebe-83dc-232e8909ab24"
          },
          "type": "Request",
          "kind": "Button",
          "inputs": {
            "schema": {
              "type": "object",
              "properties": {
                "email": {
                  "title": "MCommunity Group Email",
                  "type": "string",
                  "format": "email",
                  "x-ms-dynamically-added": true,
                  "description": "Enter the MCommunity Group name (email address) you want to lookup.",
                  "x-ms-content-hint": "EMAIL"
                }
              },
              "required": [
                "email"
              ]
            }
          }
        }
      },
      "actions": {
        "Initialize_variable_MCommunityGroupFileName": {
          "runAfter": {},
          "metadata": {
            "operationMetadataId": "d7defbb9-5a51-421a-9572-171e56911c15"
          },
          "type": "InitializeVariable",
          "inputs": {
            "variables": [
              {
                "name": "MCommunityGroupFileName",
                "type": "string",
                "value": "@{replace(triggerBody()['email'], '@umich.edu', '.csv')}"
              }
            ]
          }
        },
        "Initialize_variable_GroupMembersArray": {
          "runAfter": {
            "Initialize_variable_MCommunityGroupFileName": [
              "Succeeded"
            ]
          },
          "metadata": {
            "operationMetadataId": "eb9435e1-ce05-4f58-b089-5255a6eb2ddf"
          },
          "type": "InitializeVariable",
          "inputs": {
            "variables": [
              {
                "name": "GroupMembersArray",
                "type": "array",
                "value": []
              }
            ]
          }
        },
        "Get_MCommunity_membership_data_file_properties": {
          "runAfter": {
            "Initialize_variable_GroupMembersArray": [
              "Succeeded"
            ]
          },
          "metadata": {
            "operationMetadataId": "4acf108e-ec86-4812-8496-9cdd8e8a1a6b"
          },
          "type": "OpenApiConnection",
          "inputs": {
            "host": {
              "connectionName": "shared_sharepointonline_1",
              "operationId": "GetFileItems",
              "apiId": "/providers/Microsoft.PowerApps/apis/shared_sharepointonline"
            },
            "parameters": {
              "dataset": "@parameters('TrackMaster SharePoint Site Base URL (efdc_TrackMasterSharePointSiteBaseURL)')",
              "table": "91f9a71f-f94c-4ec7-9ddd-108116bc5035",
              "folderPath": "/Shared Documents/data/MCommunityGroupMembers",
              "viewScopeOption": "RecursiveAll",
              "$filter": "File_x0020_Type eq 'csv' and FileLeafRef eq '@{variables('MCommunityGroupFileName')}'",
              "$top": 1,
              "view": "7c6e9a9b-f6f3-418a-b38b-1ee231322b49"
            },
            "authentication": {
              "type": "Raw",
              "value": "@json(decodeBase64(triggerOutputs().headers['X-MS-APIM-Tokens']))['$ConnectionKey']"
            }
          }
        },
        "Loop_thru_files_found_and_store_uniqnames_in_each_file_to_CenterMembersArray": {
          "foreach": "@outputs('Get_MCommunity_membership_data_file_properties')?['body/value']",
          "actions": {
            "Get_file_content": {
              "runAfter": {},
              "metadata": {
                "operationMetadataId": "2ed48adb-3a9d-420c-bdd8-4832ed31ca4d"
              },
              "type": "OpenApiConnection",
              "inputs": {
                "host": {
                  "connectionName": "shared_sharepointonline_1",
                  "operationId": "GetFileContent",
                  "apiId": "/providers/Microsoft.PowerApps/apis/shared_sharepointonline"
                },
                "parameters": {
                  "dataset": "@parameters('TrackMaster SharePoint Site Base URL (efdc_TrackMasterSharePointSiteBaseURL)')",
                  "id": "@items('Loop_thru_files_found_and_store_uniqnames_in_each_file_to_CenterMembersArray')?['{Identifier}']",
                  "inferContentType": true
                },
                "authentication": {
                  "type": "Raw",
                  "value": "@json(decodeBase64(triggerOutputs().headers['X-MS-APIM-Tokens']))['$ConnectionKey']"
                }
              }
            },
            "Decode_file_contents_from_base_64": {
              "runAfter": {
                "Get_file_content": [
                  "Succeeded"
                ]
              },
              "metadata": {
                "operationMetadataId": "18f9a498-226b-4b4d-930b-afe5d4874291"
              },
              "type": "Compose",
              "inputs": "@base64tostring(outputs('Get_file_content')?['body']['$content'])"
            },
            "Convert_lines_to_array": {
              "runAfter": {
                "Decode_file_contents_from_base_64": [
                  "Succeeded"
                ]
              },
              "metadata": {
                "operationMetadataId": "d4a78c6e-f606-4a0c-b36b-b574d620e634"
              },
              "type": "Compose",
              "inputs": "@split(replace(outputs('Decode_file_contents_from_base_64'), decodeUriComponent('%0D%0A'), decodeUriComponent('%0A')) , decodeUriComponent('%0A') )"
            },
            "Save_results_to_GroupMembersArray": {
              "runAfter": {
                "Remove_duplicate_array_elements": [
                  "Succeeded"
                ]
              },
              "metadata": {
                "operationMetadataId": "7ccdef10-1aba-4f90-a9d6-ea3af163a9bd"
              },
              "type": "SetVariable",
              "inputs": {
                "name": "GroupMembersArray",
                "value": "@outputs('Remove_duplicate_array_elements')"
              }
            },
            "Remove_empty_array_elements": {
              "runAfter": {
                "Convert_lines_to_array": [
                  "Succeeded"
                ]
              },
              "metadata": {
                "operationMetadataId": "2b7cb0c9-95a6-4a35-97e4-73991114cd2e"
              },
              "type": "Query",
              "inputs": {
                "from": "@outputs('Convert_lines_to_array')",
                "where": "@equals(empty(item()), false)"
              }
            },
            "Remove_duplicate_array_elements": {
              "runAfter": {
                "Remove_empty_array_elements": [
                  "Succeeded"
                ]
              },
              "metadata": {
                "operationMetadataId": "382e2057-23b6-41fa-a1c0-5d57d02c84b5"
              },
              "type": "Compose",
              "inputs": "@union(body('Remove_empty_array_elements'),body('Remove_empty_array_elements'))"
            }
          },
          "runAfter": {
            "Get_MCommunity_membership_data_file_properties": [
              "Succeeded"
            ]
          },
          "metadata": {
            "operationMetadataId": "2925189c-963c-495e-abce-3d1f8f6ab9ad"
          },
          "type": "Foreach"
        },
        "Respond_to_a_PowerApp_or_flow": {
          "runAfter": {
            "Loop_thru_files_found_and_store_uniqnames_in_each_file_to_CenterMembersArray": [
              "Succeeded"
            ]
          },
          "metadata": {
            "operationMetadataId": "0a9556fb-f74b-4a0e-91b1-35d3f704875b"
          },
          "type": "Response",
          "kind": "PowerApp",
          "inputs": {
            "statusCode": 200,
            "body": {
              "uniqnames": "@{join(variables('GroupMembersArray'), ',')}"
            },
            "schema": {
              "type": "object",
              "properties": {
                "uniqnames": {
                  "title": "UniqNames",
                  "x-ms-dynamically-added": true,
                  "type": "string"
                }
              }
            }
          }
        }
      }
    },
    "templateName": ""
  },
  "schemaVersion": "1.0.0.0"
}