{
  "properties": {
    "connectionReferences": {
      "shared_sharepointonline_1": {
        "runtimeSource": "embedded",
        "connection": {
          "connectionReferenceLogicalName": "efdc_TrackMasterSharePointConnection"
        },
        "api": {
          "name": "shared_sharepointonline"
        }
      }
    },
    "definition": {
      "$schema": "https://schema.management.azure.com/providers/Microsoft.Logic/schemas/2016-06-01/workflowdefinition.json#",
      "contentVersion": "1.0.0.0",
      "parameters": {
        "$connections": {
          "defaultValue": {},
          "type": "Object"
        },
        "$authentication": {
          "defaultValue": {},
          "type": "SecureObject"
        },
        "TrackMaster SharePoint Site Base URL (efdc_TrackMasterSharePointSiteBaseURL)": {
          "defaultValue": "https://umhealth.sharepoint.com/sites/DepressionCenter-TrackMaster",
          "type": "String",
          "metadata": {
            "schemaName": "efdc_TrackMasterSharePointSiteBaseURL",
            "description": "The URL of the TrackMaster site, without a trailing slash and without a page name."
          }
        },
        "Center Membership Group (efdc_CenterMembershipGroup)": {
          "defaultValue": "efdc.members@umich.edu",
          "type": "String",
          "metadata": {
            "schemaName": "efdc_CenterMembershipGroup",
            "description": "Enter the email of the MCommunity group that determines whether a person is a member of this center or institute."
          }
        }
      },
      "triggers": {
        "When_item_is_added_to_People_list": {
          "recurrence": {
            "interval": 5,
            "frequency": "Minute"
          },
          "splitOn": "@triggerOutputs()?['body/value']",
          "metadata": {
            "operationMetadataId": "dc268272-1ef4-46dd-ad65-7e362d943776"
          },
          "type": "OpenApiConnection",
          "inputs": {
            "host": {
              "connectionName": "shared_sharepointonline_1",
              "operationId": "GetOnNewItems",
              "apiId": "/providers/Microsoft.PowerApps/apis/shared_sharepointonline"
            },
            "parameters": {
              "dataset": "@parameters('TrackMaster SharePoint Site Base URL (efdc_TrackMasterSharePointSiteBaseURL)')",
              "table": "b06a7441-867b-4ddc-9f05-271c46d7e116",
              "view": "eac2f0a9-fd28-4ae7-8c4a-e59f6a28e036"
            },
            "authentication": "@parameters('$authentication')"
          }
        }
      },
      "actions": {
        "Get_data_from_Teams_if_needed": {
          "actions": {
            "If_name_or_teams_account_are_missing_get_data_from_Teams": {
              "actions": {
                "Run_a_Child_Flow_-_Update_People_item_using_Teams": {
                  "runAfter": {},
                  "metadata": {
                    "operationMetadataId": "92e1bd85-0f96-4645-88c1-990edb9055d8"
                  },
                  "type": "Workflow",
                  "inputs": {
                    "host": {
                      "workflowReferenceName": "6d9eafd3-9258-ee11-be6f-000d3a3af012"
                    },
                    "body": {
                      "number": "@triggerOutputs()?['body/ID']"
                    }
                  }
                }
              },
              "runAfter": {},
              "expression": {
                "and": [
                  {
                    "equals": [
                      "@if(contains( triggerOutputs()?['body/UniqName'] , '@'), 'Invalid', 'Valid')",
                      "Valid"
                    ]
                  },
                  {
                    "or": [
                      {
                        "equals": [
                          "@triggerOutputs()?['body/Title']",
                          "@triggerOutputs()?['body/UniqName']"
                        ]
                      },
                      {
                        "equals": [
                          "@triggerOutputs()?['body/TeamsAccount']",
                          null
                        ]
                      }
                    ]
                  }
                ]
              },
              "metadata": {
                "operationMetadataId": "55217033-08bb-47ac-a7ad-065bf243baf4"
              },
              "type": "If"
            }
          },
          "runAfter": {
            "Initialize_variable_-_CenterMembersArray": [
              "Succeeded"
            ]
          },
          "metadata": {
            "operationMetadataId": "8dd0e0cb-d5fa-4fa2-a1b6-efa9f8f4bc51"
          },
          "type": "Scope"
        },
        "Update_Center_group_membership": {
          "actions": {
            "Run_a_Child_Flow_-_Get_Center_Group_Members_from_CSV": {
              "runAfter": {},
              "metadata": {
                "operationMetadataId": "3c8b7a1f-2152-4da0-af5d-8ab68a9fd8f3"
              },
              "type": "Workflow",
              "inputs": {
                "host": {
                  "workflowReferenceName": "8b78c81c-4d32-ee11-bdf3-000d3a3af012"
                },
                "body": {
                  "email": "@parameters('Center Membership Group (efdc_CenterMembershipGroup)')"
                }
              }
            },
            "Check_if_UniqName_is_in_list_of_Center_group_members": {
              "actions": {
                "Only_update_if_missing_center_membership_group_or_flag": {
                  "actions": {
                    "Run_a_Child_Flow_-_Add_group_to_person": {
                      "runAfter": {},
                      "metadata": {
                        "operationMetadataId": "45400887-0566-485e-b320-3ecbb22bf772"
                      },
                      "type": "Workflow",
                      "inputs": {
                        "host": {
                          "workflowReferenceName": "99553e8e-2853-ee11-be6f-000d3a3af012"
                        },
                        "body": {
                          "number": "@triggerOutputs()?['body/ID']",
                          "number_1": "@int(outputs('Run_a_Child_Flow_-_Get_Center_Group_Members_from_CSV')?['Body']?['groupid'])"
                        }
                      }
                    }
                  },
                  "runAfter": {},
                  "expression": {
                    "or": [
                      {
                        "equals": [
                          "@xpath(  xml(json(concat('{\"Root\": {\"Items\": ', string( triggerOutputs()?['body/Group_x0020_Membership'] ), '} }')))  , concat('boolean(/Root/Items[Id=', string( outputs('Run_a_Child_Flow_-_Get_Center_Group_Members_from_CSV')?['Body']?['groupid']  ), '])'))",
                          false
                        ]
                      },
                      {
                        "equals": [
                          "@triggerOutputs()?['body/CenterMember']",
                          false
                        ]
                      }
                    ]
                  },
                  "metadata": {
                    "operationMetadataId": "54af4f0c-2d06-4b97-aee7-c9b6a870dd3f"
                  },
                  "type": "If"
                }
              },
              "runAfter": {
                "Save_CSV_contents_to_CenterMembersArray": [
                  "Succeeded"
                ]
              },
              "expression": {
                "contains": [
                  "@variables('CenterMembersArray')",
                  "@triggerOutputs()?['body/UniqName']"
                ]
              },
              "metadata": {
                "operationMetadataId": "f2d49859-6a51-44e1-a3fd-f8a19d3658ad"
              },
              "type": "If"
            },
            "Save_CSV_contents_to_CenterMembersArray": {
              "runAfter": {
                "Run_a_Child_Flow_-_Get_Center_Group_Members_from_CSV": [
                  "Succeeded"
                ]
              },
              "metadata": {
                "operationMetadataId": "c316cbc8-2f12-464d-b676-038451535fc2"
              },
              "type": "SetVariable",
              "inputs": {
                "name": "CenterMembersArray",
                "value": "@split( outputs('Run_a_Child_Flow_-_Get_Center_Group_Members_from_CSV')?['Body']?['uniqnames'] , ',')"
              }
            }
          },
          "runAfter": {
            "Get_data_from_Teams_if_needed": [
              "Succeeded",
              "Failed",
              "Skipped",
              "TimedOut"
            ]
          },
          "metadata": {
            "operationMetadataId": "a69af2c8-752e-462a-b660-2daefd0f3576"
          },
          "type": "Scope"
        },
        "Close_out_scopes_with_Run_After_-_All": {
          "runAfter": {
            "Update_Center_group_membership": [
              "Succeeded",
              "Failed",
              "Skipped",
              "TimedOut"
            ]
          },
          "metadata": {
            "operationMetadataId": "09a01cf5-7542-446f-9147-d262f4ad1f73"
          },
          "type": "Compose",
          "inputs": "Done"
        },
        "Initialize_variable_-_CenterMembersArray": {
          "runAfter": {},
          "metadata": {
            "operationMetadataId": "3dbadf17-7171-4f17-8e88-ea637c902374"
          },
          "type": "InitializeVariable",
          "inputs": {
            "variables": [
              {
                "name": "CenterMembersArray",
                "type": "array",
                "value": []
              }
            ]
          }
        }
      },
      "outputs": {}
    },
    "templateName": ""
  },
  "schemaVersion": "1.0.0.0"
}