{
  "properties": {
    "connectionReferences": {
      "shared_sharepointonline_1": {
        "runtimeSource": "embedded",
        "connection": {
          "connectionReferenceLogicalName": "efdc_TrackMasterSharePointConnection"
        },
        "api": {
          "name": "shared_sharepointonline"
        }
      }
    },
    "definition": {
      "$schema": "https://schema.management.azure.com/providers/Microsoft.Logic/schemas/2016-06-01/workflowdefinition.json#",
      "contentVersion": "1.0.0.0",
      "parameters": {
        "$connections": {
          "defaultValue": {},
          "type": "Object"
        },
        "$authentication": {
          "defaultValue": {},
          "type": "SecureObject"
        },
        "TrackMaster SharePoint Site Base URL (efdc_TrackMasterSharePointSiteBaseURL)": {
          "defaultValue": "https://umhealth.sharepoint.com/sites/DepressionCenter-TrackMaster",
          "type": "String",
          "metadata": {
            "schemaName": "efdc_TrackMasterSharePointSiteBaseURL",
            "description": "The URL of the TrackMaster site, without a trailing slash and without a page name."
          }
        },
        "Center Membership Group (efdc_CenterMembershipGroup)": {
          "defaultValue": "efdc.members@umich.edu",
          "type": "String",
          "metadata": {
            "schemaName": "efdc_CenterMembershipGroup",
            "description": "Enter the email of the MCommunity group that determines whether a person is a member of this center or institute."
          }
        }
      },
      "triggers": {
        "manual": {
          "metadata": {
            "operationMetadataId": "edfd64ee-3161-4a53-85c7-b266ef9a6485"
          },
          "type": "Request",
          "kind": "Button",
          "inputs": {
            "schema": {
              "type": "object",
              "properties": {
                "number": {
                  "title": "PeopleID",
                  "type": "number",
                  "x-ms-dynamically-added": true,
                  "description": "Enter the numeric person ID from the People list",
                  "x-ms-content-hint": "NUMBER"
                },
                "number_1": {
                  "title": "GroupID",
                  "type": "number",
                  "x-ms-dynamically-added": true,
                  "description": "Enter the numeric group ID from the Group List",
                  "x-ms-content-hint": "NUMBER"
                }
              },
              "required": [
                "number",
                "number_1"
              ]
            }
          }
        }
      },
      "actions": {
        "Initialize_variable_tmpGroupList": {
          "runAfter": {},
          "metadata": {
            "operationMetadataId": "a4f35295-0006-4ca6-8a5f-a12808bb9fdb"
          },
          "type": "InitializeVariable",
          "inputs": {
            "variables": [
              {
                "name": "tmpGroupList",
                "type": "array",
                "value": []
              }
            ]
          }
        },
        "Filter_array_to_remove_group": {
          "runAfter": {
            "Get_person_record_from_People_list": [
              "Succeeded"
            ]
          },
          "metadata": {
            "operationMetadataId": "fd50c8fc-824e-4f4d-9732-1872f2404dd8"
          },
          "type": "Query",
          "inputs": {
            "from": "@outputs('Get_person_record_from_People_list')?['body/Group_x0020_Membership']",
            "where": "@not(equals(item()?['Id'], triggerBody()['number_1']))"
          }
        },
        "Keep_only_Ids_of_each_group_so_they_can_be_inserted_into_the_column": {
          "runAfter": {
            "Filter_array_to_remove_group": [
              "Succeeded"
            ]
          },
          "metadata": {
            "operationMetadataId": "dfd6b176-e8cb-4b11-bc96-fd557757d40e"
          },
          "type": "Select",
          "inputs": {
            "from": "@body('Filter_array_to_remove_group')",
            "select": {
              "Id": "@item()?['Id']"
            }
          }
        },
        "Append_Group_ID_to_array_variable": {
          "runAfter": {
            "Set_tmpGroupList_to_filtered_cleaned_array": [
              "Succeeded"
            ]
          },
          "metadata": {
            "operationMetadataId": "209b9888-cf60-4dd7-8f22-24ddf5eee03e"
          },
          "type": "AppendToArrayVariable",
          "inputs": {
            "name": "tmpGroupList",
            "value": {
              "Id": "@triggerBody()['number_1']"
            }
          }
        },
        "Set_tmpGroupList_to_filtered_cleaned_array": {
          "runAfter": {
            "Keep_only_Ids_of_each_group_so_they_can_be_inserted_into_the_column": [
              "Succeeded"
            ]
          },
          "metadata": {
            "operationMetadataId": "7c6d292f-f134-43e8-b0f7-a98a9e5981ba"
          },
          "type": "SetVariable",
          "inputs": {
            "name": "tmpGroupList",
            "value": "@body('Keep_only_Ids_of_each_group_so_they_can_be_inserted_into_the_column')"
          }
        },
        "Respond_to_a_PowerApp_or_flow": {
          "runAfter": {
            "Update_center_membership_fields_only_if_needed": [
              "Succeeded"
            ]
          },
          "metadata": {
            "operationMetadataId": "6e11cf05-fab6-4819-a9c6-63c41416a061"
          },
          "type": "Response",
          "kind": "PowerApp",
          "inputs": {
            "statusCode": 200,
            "body": {
              "newgrouplist": "@variables('ReturnValue')"
            },
            "schema": {
              "type": "object",
              "properties": {
                "newgrouplist": {
                  "title": "NewGroupList",
                  "x-ms-dynamically-added": true,
                  "type": "string"
                }
              }
            }
          }
        },
        "Run_a_Child_Flow_-_Get_Center_Membership_Group_ID": {
          "runAfter": {
            "Initialize_variable_tmpGroupList": [
              "Succeeded"
            ]
          },
          "metadata": {
            "operationMetadataId": "1bb802f6-c9a8-4886-9c05-dcdb3fb13974"
          },
          "type": "Workflow",
          "inputs": {
            "host": {
              "workflowReferenceName": "03a32f37-b358-ee11-be6f-000d3a3af012"
            },
            "body": {
              "email": "@parameters('Center Membership Group (efdc_CenterMembershipGroup)')"
            }
          }
        },
        "Get_person_record_from_People_list": {
          "runAfter": {
            "Run_a_Child_Flow_-_Get_Center_Membership_Group_ID": [
              "Succeeded"
            ]
          },
          "metadata": {
            "operationMetadataId": "1dcdb803-dc61-425c-bf95-35e31cb09871"
          },
          "type": "OpenApiConnection",
          "inputs": {
            "host": {
              "connectionName": "shared_sharepointonline_1",
              "operationId": "GetItem",
              "apiId": "/providers/Microsoft.PowerApps/apis/shared_sharepointonline"
            },
            "parameters": {
              "dataset": "@parameters('TrackMaster SharePoint Site Base URL (efdc_TrackMasterSharePointSiteBaseURL)')",
              "table": "b06a7441-867b-4ddc-9f05-271c46d7e116",
              "id": "@triggerBody()['number']",
              "view": "12ceb84b-d0bc-484d-98ff-cae032130680"
            },
            "authentication": {
              "type": "Raw",
              "value": "@json(decodeBase64(triggerOutputs().headers['X-MS-APIM-Tokens']))['$ConnectionKey']"
            }
          }
        },
        "Initialize_variable_-_IsCenterMemberFlag": {
          "runAfter": {
            "Initialize_variable_-_IsCurrentGroupCenterMembershipGroup": [
              "Succeeded"
            ]
          },
          "metadata": {
            "operationMetadataId": "9f8ad6a1-9393-4c81-9af6-a9eaf2bf4d1e"
          },
          "type": "InitializeVariable",
          "inputs": {
            "variables": [
              {
                "name": "IsCenterMemberFlag",
                "type": "boolean",
                "value": "@if( bool( variables('IsCurrentGroupCenterMembershipGroup') ) , true, bool(outputs('Get_person_record_from_People_list')?['body/CenterMember']) )"
              }
            ]
          }
        },
        "Initialize_variable_-_CenterJoinDate": {
          "runAfter": {
            "Initialize_variable_-_IsCenterMemberFlag": [
              "Succeeded"
            ]
          },
          "metadata": {
            "operationMetadataId": "0c4f93d3-4602-4338-9861-9bf954b6b741"
          },
          "type": "InitializeVariable",
          "inputs": {
            "variables": [
              {
                "name": "CenterJoinDate",
                "type": "string",
                "value": "@{if(and( equals(string(outputs('Get_person_record_from_People_list')?['body/CenterMembershipJoinDate']), '') , bool(  variables('IsCurrentGroupCenterMembershipGroup')  ) ) , string(  formatDateTime(utcNow(),'O')  ), string(outputs('Get_person_record_from_People_list')?['body/CenterMembershipJoinDate']) )}"
              }
            ]
          }
        },
        "Initialize_variable_-_IsCurrentGroupCenterMembershipGroup": {
          "runAfter": {
            "Append_Group_ID_to_array_variable": [
              "Succeeded"
            ]
          },
          "metadata": {
            "operationMetadataId": "2bf02461-13cb-4756-bfd3-c63218c04890"
          },
          "type": "InitializeVariable",
          "inputs": {
            "variables": [
              {
                "name": "IsCurrentGroupCenterMembershipGroup",
                "type": "boolean",
                "value": "@if(and(bool(outputs('Run_a_Child_Flow_-_Get_Center_Membership_Group_ID')?['Body']?['iscentermembershipgroup']) ,  equals(  int(outputs('Run_a_Child_Flow_-_Get_Center_Membership_Group_ID')?['Body']?['groupid']) , int(triggerBody()['number_1'])  ) ) , true , false)"
              }
            ]
          }
        },
        "Update_center_membership_fields_only_if_needed": {
          "actions": {
            "Set_variable_ReturnValue_to_new_group_list_1": {
              "runAfter": {
                "Update_item_in_People_list_including_center_membership_info": [
                  "Succeeded"
                ]
              },
              "metadata": {
                "operationMetadataId": "1fea9877-892d-4582-8fba-bba5e47f9aba"
              },
              "type": "SetVariable",
              "inputs": {
                "name": "ReturnValue",
                "value": "@{outputs('Get_person_record_from_People_list')?['body/Group_x0020_Membership']}"
              }
            },
            "Update_item_in_People_list_including_center_membership_info": {
              "runAfter": {
                "Check_if_existing_join_date_is_empty": [
                  "Succeeded"
                ]
              },
              "metadata": {
                "operationMetadataId": "0fbdfa1c-8cf5-45ad-9ed4-8d8815607aff"
              },
              "type": "OpenApiConnection",
              "inputs": {
                "host": {
                  "connectionName": "shared_sharepointonline_1",
                  "operationId": "PatchItem",
                  "apiId": "/providers/Microsoft.PowerApps/apis/shared_sharepointonline"
                },
                "parameters": {
                  "dataset": "@parameters('TrackMaster SharePoint Site Base URL (efdc_TrackMasterSharePointSiteBaseURL)')",
                  "table": "b06a7441-867b-4ddc-9f05-271c46d7e116",
                  "id": "@outputs('Get_person_record_from_People_list')?['body/ID']",
                  "item/Title": "@outputs('Get_person_record_from_People_list')?['body/Title']",
                  "item/UniqName": "@outputs('Get_person_record_from_People_list')?['body/UniqName']",
                  "item/CenterMember": true,
                  "item/CenterMembershipJoinDate": "@variables('tmpDate')",
                  "item/Group_x0020_Membership": "@variables('tmpGroupList')"
                },
                "authentication": {
                  "type": "Raw",
                  "value": "@json(decodeBase64(triggerOutputs().headers['X-MS-APIM-Tokens']))['$ConnectionKey']"
                }
              }
            },
            "Check_if_existing_join_date_is_empty": {
              "actions": {
                "Current_time": {
                  "runAfter": {},
                  "metadata": {
                    "operationMetadataId": "8c5ca0d1-6931-41cf-a76d-4d6c4ef53b3c"
                  },
                  "type": "Expression",
                  "kind": "CurrentTime",
                  "inputs": {}
                },
                "Set_variable_tmpDate_to_current_date": {
                  "runAfter": {
                    "Current_time": [
                      "Succeeded"
                    ]
                  },
                  "metadata": {
                    "operationMetadataId": "05924f29-8f5a-4e79-a2a9-88d6b82b427d"
                  },
                  "type": "SetVariable",
                  "inputs": {
                    "name": "tmpDate",
                    "value": "@body('Current_time')"
                  }
                }
              },
              "runAfter": {},
              "else": {
                "actions": {
                  "Set_variable_tmpDate_to_existing_join_date": {
                    "runAfter": {},
                    "metadata": {
                      "operationMetadataId": "7eac93a2-13b1-4ba7-8da7-f41740859913"
                    },
                    "type": "SetVariable",
                    "inputs": {
                      "name": "tmpDate",
                      "value": "@outputs('Get_person_record_from_People_list')?['body/CenterMembershipJoinDate']"
                    }
                  }
                }
              },
              "expression": {
                "equals": [
                  "@outputs('Get_person_record_from_People_list')?['body/CenterMembershipJoinDate']",
                  null
                ]
              },
              "metadata": {
                "operationMetadataId": "a44cf1a0-39fb-4c18-8544-6efbe4d2ffa7"
              },
              "type": "If"
            }
          },
          "runAfter": {
            "Initialize_variable_ReturnValue": [
              "Succeeded"
            ]
          },
          "else": {
            "actions": {
              "Update_item_in_People_list_without_center_membership_info": {
                "runAfter": {},
                "metadata": {
                  "operationMetadataId": "0fbdfa1c-8cf5-45ad-9ed4-8d8815607aff"
                },
                "type": "OpenApiConnection",
                "inputs": {
                  "host": {
                    "connectionName": "shared_sharepointonline_1",
                    "operationId": "PatchItem",
                    "apiId": "/providers/Microsoft.PowerApps/apis/shared_sharepointonline"
                  },
                  "parameters": {
                    "dataset": "@parameters('TrackMaster SharePoint Site Base URL (efdc_TrackMasterSharePointSiteBaseURL)')",
                    "table": "b06a7441-867b-4ddc-9f05-271c46d7e116",
                    "id": "@outputs('Get_person_record_from_People_list')?['body/ID']",
                    "item/Title": "@outputs('Get_person_record_from_People_list')?['body/Title']",
                    "item/UniqName": "@outputs('Get_person_record_from_People_list')?['body/UniqName']",
                    "item/Group_x0020_Membership": "@variables('tmpGroupList')"
                  },
                  "authentication": {
                    "type": "Raw",
                    "value": "@json(decodeBase64(triggerOutputs().headers['X-MS-APIM-Tokens']))['$ConnectionKey']"
                  }
                }
              },
              "Set_variable_ReturnValue_to_new_group_list_2": {
                "runAfter": {
                  "Update_item_in_People_list_without_center_membership_info": [
                    "Succeeded"
                  ]
                },
                "metadata": {
                  "operationMetadataId": "4533e23e-0d65-4fff-b391-fb0812deb0c3"
                },
                "type": "SetVariable",
                "inputs": {
                  "name": "ReturnValue",
                  "value": "@{outputs('Update_item_in_People_list_without_center_membership_info')?['body/Group_x0020_Membership']}"
                }
              }
            }
          },
          "expression": {
            "and": [
              {
                "equals": [
                  "@body('Run_a_Child_Flow_-_Get_Center_Membership_Group_ID')?['iscentermembershipgroup']",
                  "True"
                ]
              },
              {
                "equals": [
                  "@int(outputs('Run_a_Child_Flow_-_Get_Center_Membership_Group_ID')?['Body']?['groupid'])",
                  "@triggerBody()['number_1']"
                ]
              }
            ]
          },
          "metadata": {
            "operationMetadataId": "4eb960ae-07a1-42da-8b9e-81aed64f38b4"
          },
          "type": "If"
        },
        "Initialize_variable_ReturnValue": {
          "runAfter": {
            "Initialize_variable_tmpDate": [
              "Succeeded"
            ]
          },
          "metadata": {
            "operationMetadataId": "9a6a3b71-e8b0-4019-8b2d-3f878ad4c4cb"
          },
          "type": "InitializeVariable",
          "inputs": {
            "variables": [
              {
                "name": "ReturnValue",
                "type": "string"
              }
            ]
          }
        },
        "Initialize_variable_tmpDate": {
          "runAfter": {
            "Initialize_variable_-_CenterJoinDate": [
              "Succeeded"
            ]
          },
          "metadata": {
            "operationMetadataId": "e2c3850d-ba35-4ea1-bd06-577653df2564"
          },
          "type": "InitializeVariable",
          "inputs": {
            "variables": [
              {
                "name": "tmpDate",
                "type": "string"
              }
            ]
          }
        }
      }
    },
    "templateName": ""
  },
  "schemaVersion": "1.0.0.0"
}