{
  "properties": {
    "connectionReferences": {
      "shared_sharepointonline_1": {
        "runtimeSource": "embedded",
        "connection": {
          "connectionReferenceLogicalName": "efdc_TrackMasterSharePointConnection"
        },
        "api": {
          "name": "shared_sharepointonline"
        }
      },
      "shared_sendmail_1": {
        "runtimeSource": "embedded",
        "connection": {
          "connectionReferenceLogicalName": "efdc_TrackMasterEmailNotificationsConnection"
        },
        "api": {
          "name": "shared_sendmail"
        }
      }
    },
    "definition": {
      "$schema": "https://schema.management.azure.com/providers/Microsoft.Logic/schemas/2016-06-01/workflowdefinition.json#",
      "contentVersion": "1.0.0.0",
      "parameters": {
        "$connections": {
          "defaultValue": {},
          "type": "Object"
        },
        "$authentication": {
          "defaultValue": {},
          "type": "SecureObject"
        },
        "TrackMaster SharePoint Site Base URL (efdc_TrackMasterSharePointSiteBaseURL)": {
          "defaultValue": "https://umhealth.sharepoint.com/sites/DepressionCenter-TrackMaster",
          "type": "String",
          "metadata": {
            "schemaName": "efdc_TrackMasterSharePointSiteBaseURL",
            "description": "The URL of the TrackMaster site, without a trailing slash and without a page name."
          }
        },
        "Center Membership Group (efdc_CenterMembershipGroup)": {
          "defaultValue": "efdc.members@umich.edu",
          "type": "String",
          "metadata": {
            "schemaName": "efdc_CenterMembershipGroup",
            "description": "Enter the email of the MCommunity group that determines whether a person is a member of this center or institute."
          }
        },
        "Group Maintainer Email Address (efdc_GroupMaintainerEmailAddress)": {
          "defaultValue": "TDX-EFDC-Support@umich.edu",
          "type": "String",
          "metadata": {
            "schemaName": "efdc_GroupMaintainerEmailAddress",
            "description": "The email address that is notified of group cleanup tasks."
          }
        }
      },
      "triggers": {
        "manual": {
          "metadata": {
            "operationMetadataId": "edfd64ee-3161-4a53-85c7-b266ef9a6485"
          },
          "type": "Request",
          "kind": "Button",
          "inputs": {
            "schema": {
              "type": "object",
              "properties": {
                "number": {
                  "title": "PeopleID",
                  "type": "number",
                  "x-ms-dynamically-added": true,
                  "description": "Enter the numeric person ID from the People list",
                  "x-ms-content-hint": "NUMBER"
                },
                "number_1": {
                  "title": "GroupID",
                  "type": "number",
                  "x-ms-dynamically-added": true,
                  "description": "Enter the numeric group ID from the Group List",
                  "x-ms-content-hint": "NUMBER"
                }
              },
              "required": [
                "number",
                "number_1"
              ]
            }
          }
        }
      },
      "actions": {
        "Initialize_variable_tmpGroupList": {
          "runAfter": {},
          "metadata": {
            "operationMetadataId": "a4f35295-0006-4ca6-8a5f-a12808bb9fdb"
          },
          "type": "InitializeVariable",
          "inputs": {
            "variables": [
              {
                "name": "tmpGroupList",
                "type": "array",
                "value": []
              }
            ]
          }
        },
        "Filter_array_to_remove_group": {
          "runAfter": {
            "Get_person_record_from_People_list": [
              "Succeeded"
            ]
          },
          "metadata": {
            "operationMetadataId": "fd50c8fc-824e-4f4d-9732-1872f2404dd8"
          },
          "type": "Query",
          "inputs": {
            "from": "@outputs('Get_person_record_from_People_list')?['body/Group_x0020_Membership']",
            "where": "@not(equals(item()?['Id'], triggerBody()['number_1']))"
          }
        },
        "Keep_only_Ids_of_each_group_so_they_can_be_inserted_into_the_column": {
          "runAfter": {
            "Filter_array_to_remove_group": [
              "Succeeded"
            ]
          },
          "metadata": {
            "operationMetadataId": "dfd6b176-e8cb-4b11-bc96-fd557757d40e"
          },
          "type": "Select",
          "inputs": {
            "from": "@body('Filter_array_to_remove_group')",
            "select": {
              "Id": "@item()?['Id']"
            }
          }
        },
        "Set_tmpGroupList_to_filtered_cleaned_array": {
          "runAfter": {
            "Keep_only_Ids_of_each_group_so_they_can_be_inserted_into_the_column": [
              "Succeeded"
            ]
          },
          "metadata": {
            "operationMetadataId": "7c6d292f-f134-43e8-b0f7-a98a9e5981ba"
          },
          "type": "SetVariable",
          "inputs": {
            "name": "tmpGroupList",
            "value": "@body('Keep_only_Ids_of_each_group_so_they_can_be_inserted_into_the_column')"
          }
        },
        "Respond_to_a_PowerApp_or_flow": {
          "runAfter": {
            "Notify_group_owner_by_email": [
              "Succeeded",
              "TimedOut",
              "Skipped",
              "Failed"
            ]
          },
          "metadata": {
            "operationMetadataId": "6e11cf05-fab6-4819-a9c6-63c41416a061"
          },
          "type": "Response",
          "kind": "PowerApp",
          "inputs": {
            "statusCode": 200,
            "body": {
              "newgrouplist": "@variables('ReturnValue')"
            },
            "schema": {
              "type": "object",
              "properties": {
                "newgrouplist": {
                  "title": "NewGroupList",
                  "x-ms-dynamically-added": true,
                  "type": "string"
                }
              }
            }
          }
        },
        "Run_a_Child_Flow_-_Get_Center_Membership_Group_ID": {
          "runAfter": {
            "Initialize_variable_tmpGroupList": [
              "Succeeded"
            ]
          },
          "metadata": {
            "operationMetadataId": "1bb802f6-c9a8-4886-9c05-dcdb3fb13974"
          },
          "type": "Workflow",
          "inputs": {
            "host": {
              "workflowReferenceName": "03a32f37-b358-ee11-be6f-000d3a3af012"
            },
            "body": {
              "email": "@parameters('Center Membership Group (efdc_CenterMembershipGroup)')"
            }
          }
        },
        "Get_person_record_from_People_list": {
          "runAfter": {
            "Run_a_Child_Flow_-_Get_Center_Membership_Group_ID": [
              "Succeeded"
            ]
          },
          "metadata": {
            "operationMetadataId": "1dcdb803-dc61-425c-bf95-35e31cb09871"
          },
          "type": "OpenApiConnection",
          "inputs": {
            "host": {
              "connectionName": "shared_sharepointonline_1",
              "operationId": "GetItem",
              "apiId": "/providers/Microsoft.PowerApps/apis/shared_sharepointonline"
            },
            "parameters": {
              "dataset": "@parameters('TrackMaster SharePoint Site Base URL (efdc_TrackMasterSharePointSiteBaseURL)')",
              "table": "b06a7441-867b-4ddc-9f05-271c46d7e116",
              "id": "@triggerBody()['number']",
              "view": "12ceb84b-d0bc-484d-98ff-cae032130680"
            },
            "authentication": {
              "type": "Raw",
              "value": "@json(decodeBase64(triggerOutputs().headers['X-MS-APIM-Tokens']))['$ConnectionKey']"
            }
          }
        },
        "Update_center_membership_fields_only_if_needed": {
          "actions": {
            "Set_variable_ReturnValue_to_new_group_list_1": {
              "runAfter": {
                "Update_item_in_People_list_including_center_membership_info": [
                  "Succeeded"
                ]
              },
              "metadata": {
                "operationMetadataId": "1fea9877-892d-4582-8fba-bba5e47f9aba"
              },
              "type": "SetVariable",
              "inputs": {
                "name": "ReturnValue",
                "value": "@{outputs('Get_person_record_from_People_list')?['body/Group_x0020_Membership']}"
              }
            },
            "Update_item_in_People_list_including_center_membership_info": {
              "runAfter": {},
              "metadata": {
                "operationMetadataId": "0fbdfa1c-8cf5-45ad-9ed4-8d8815607aff"
              },
              "type": "OpenApiConnection",
              "inputs": {
                "host": {
                  "connectionName": "shared_sharepointonline_1",
                  "operationId": "PatchItem",
                  "apiId": "/providers/Microsoft.PowerApps/apis/shared_sharepointonline"
                },
                "parameters": {
                  "dataset": "@parameters('TrackMaster SharePoint Site Base URL (efdc_TrackMasterSharePointSiteBaseURL)')",
                  "table": "b06a7441-867b-4ddc-9f05-271c46d7e116",
                  "id": "@outputs('Get_person_record_from_People_list')?['body/ID']",
                  "item/Title": "@outputs('Get_person_record_from_People_list')?['body/Title']",
                  "item/UniqName": "@outputs('Get_person_record_from_People_list')?['body/UniqName']",
                  "item/CenterMember": false,
                  "item/Group_x0020_Membership": "@variables('tmpGroupList')"
                },
                "authentication": {
                  "type": "Raw",
                  "value": "@json(decodeBase64(triggerOutputs().headers['X-MS-APIM-Tokens']))['$ConnectionKey']"
                }
              }
            }
          },
          "runAfter": {
            "Initialize_variable_ReturnValue": [
              "Succeeded"
            ]
          },
          "else": {
            "actions": {
              "Update_item_in_People_list_without_center_membership_info": {
                "runAfter": {},
                "metadata": {
                  "operationMetadataId": "0fbdfa1c-8cf5-45ad-9ed4-8d8815607aff"
                },
                "type": "OpenApiConnection",
                "inputs": {
                  "host": {
                    "connectionName": "shared_sharepointonline_1",
                    "operationId": "PatchItem",
                    "apiId": "/providers/Microsoft.PowerApps/apis/shared_sharepointonline"
                  },
                  "parameters": {
                    "dataset": "@parameters('TrackMaster SharePoint Site Base URL (efdc_TrackMasterSharePointSiteBaseURL)')",
                    "table": "b06a7441-867b-4ddc-9f05-271c46d7e116",
                    "id": "@outputs('Get_person_record_from_People_list')?['body/ID']",
                    "item/Title": "@outputs('Get_person_record_from_People_list')?['body/Title']",
                    "item/UniqName": "@outputs('Get_person_record_from_People_list')?['body/UniqName']",
                    "item/Group_x0020_Membership": "@variables('tmpGroupList')"
                  },
                  "authentication": {
                    "type": "Raw",
                    "value": "@json(decodeBase64(triggerOutputs().headers['X-MS-APIM-Tokens']))['$ConnectionKey']"
                  }
                }
              },
              "Set_variable_ReturnValue_to_new_group_list_2": {
                "runAfter": {
                  "Update_item_in_People_list_without_center_membership_info": [
                    "Succeeded"
                  ]
                },
                "metadata": {
                  "operationMetadataId": "4533e23e-0d65-4fff-b391-fb0812deb0c3"
                },
                "type": "SetVariable",
                "inputs": {
                  "name": "ReturnValue",
                  "value": "@{outputs('Update_item_in_People_list_without_center_membership_info')?['body/Group_x0020_Membership']}"
                }
              }
            }
          },
          "expression": {
            "and": [
              {
                "equals": [
                  "@body('Run_a_Child_Flow_-_Get_Center_Membership_Group_ID')?['iscentermembershipgroup']",
                  "True"
                ]
              },
              {
                "equals": [
                  "@int(outputs('Run_a_Child_Flow_-_Get_Center_Membership_Group_ID')?['Body']?['groupid'])",
                  "@triggerBody()['number_1']"
                ]
              }
            ]
          },
          "metadata": {
            "operationMetadataId": "4eb960ae-07a1-42da-8b9e-81aed64f38b4"
          },
          "type": "If"
        },
        "Initialize_variable_ReturnValue": {
          "runAfter": {
            "Initialize_variable_tmpNotifyEmailAddress": [
              "Succeeded"
            ]
          },
          "metadata": {
            "operationMetadataId": "9a6a3b71-e8b0-4019-8b2d-3f878ad4c4cb"
          },
          "type": "InitializeVariable",
          "inputs": {
            "variables": [
              {
                "name": "ReturnValue",
                "type": "string"
              }
            ]
          }
        },
        "Notify_group_owner_by_email": {
          "actions": {
            "If_Team_Lead_email_is_empty_use_default_group_maintainer_email": {
              "actions": {
                "Set_variable_tmpNotifyEmailAddress_to_default": {
                  "runAfter": {},
                  "metadata": {
                    "operationMetadataId": "7b22c74e-eb52-4f5e-9e02-b1b87d858e4d"
                  },
                  "type": "SetVariable",
                  "inputs": {
                    "name": "tmpNotifyEmailAddress",
                    "value": "@parameters('Group Maintainer Email Address (efdc_GroupMaintainerEmailAddress)')"
                  }
                }
              },
              "runAfter": {
                "Get_item_from_Groups_List": [
                  "Succeeded"
                ]
              },
              "else": {
                "actions": {
                  "Set_variable_tmpNotifyEmailAddress_to_Group_Lead": {
                    "runAfter": {},
                    "metadata": {
                      "operationMetadataId": "0f572395-0a07-4756-88a9-3c25dad2420d"
                    },
                    "type": "SetVariable",
                    "inputs": {
                      "name": "tmpNotifyEmailAddress",
                      "value": "@outputs('Get_item_from_Groups_List')?['body/Group_x0020_Leader_x003a_Email/Value']"
                    }
                  }
                }
              },
              "expression": {
                "equals": [
                  "@outputs('Get_item_from_Groups_List')?['body/Group_x0020_Leader_x003a_Email']",
                  null
                ]
              },
              "metadata": {
                "operationMetadataId": "3794a970-d390-4747-95a9-a693292eb16e"
              },
              "type": "If"
            },
            "Get_item_from_Groups_List": {
              "runAfter": {},
              "metadata": {
                "operationMetadataId": "9409a2ab-6a2e-4d6c-862b-9d521758b03b"
              },
              "type": "OpenApiConnection",
              "inputs": {
                "host": {
                  "connectionName": "shared_sharepointonline_1",
                  "operationId": "GetItem",
                  "apiId": "/providers/Microsoft.PowerApps/apis/shared_sharepointonline"
                },
                "parameters": {
                  "dataset": "@parameters('TrackMaster SharePoint Site Base URL (efdc_TrackMasterSharePointSiteBaseURL)')",
                  "table": "ce40c203-443b-415e-8ef7-42e60e264763",
                  "id": "@triggerBody()['number_1']"
                },
                "authentication": {
                  "type": "Raw",
                  "value": "@json(decodeBase64(triggerOutputs().headers['X-MS-APIM-Tokens']))['$ConnectionKey']"
                }
              }
            },
            "Send_an_email_notification_(V3)_to_Group_Leader": {
              "runAfter": {
                "If_Team_Lead_email_is_empty_use_default_group_maintainer_email": [
                  "Succeeded"
                ]
              },
              "metadata": {
                "operationMetadataId": "740de4d6-7c04-4433-b84e-4feb4f53d2c1"
              },
              "type": "OpenApiConnection",
              "inputs": {
                "host": {
                  "connectionName": "shared_sendmail_1",
                  "operationId": "SendEmailV3",
                  "apiId": "/providers/Microsoft.PowerApps/apis/shared_sendmail"
                },
                "parameters": {
                  "request/to": "@{variables('tmpNotifyEmailAddress')};",
                  "request/subject": "TrackMaster Notification: Member Removed From Group",
                  "request/text": "<p>Hello!<br>\n<br>\nThis email confirms that <strong></strong><strong>@{outputs('Get_person_record_from_People_list')?['body/Title']}</strong><strong> </strong>(@{outputs('Get_person_record_from_People_list')?['body/UniqName']}) has been <em><strong>removed</strong></em> from group<strong> </strong><strong>@{outputs('Get_item_from_Groups_List')?['body/Title']}</strong><strong></strong> in TrackMaster.<br>\n<br>\n<br>\nTo review this record, click here: <br>\n<br>\n@{outputs('Get_person_record_from_People_list')?['body/{Link}']}<br>\n<br>\n<br>\n- TrackMaster</p>"
                },
                "authentication": {
                  "type": "Raw",
                  "value": "@json(decodeBase64(triggerOutputs().headers['X-MS-APIM-Tokens']))['$ConnectionKey']"
                }
              }
            }
          },
          "runAfter": {
            "Update_center_membership_fields_only_if_needed": [
              "Succeeded"
            ]
          },
          "metadata": {
            "operationMetadataId": "478681aa-4e0e-45c5-98da-6e61d7725d2f"
          },
          "type": "Scope"
        },
        "Initialize_variable_tmpNotifyEmailAddress": {
          "runAfter": {
            "Set_tmpGroupList_to_filtered_cleaned_array": [
              "Succeeded"
            ]
          },
          "metadata": {
            "operationMetadataId": "d01a924d-e2f7-4ef0-a8e0-3de5b132adec"
          },
          "type": "InitializeVariable",
          "inputs": {
            "variables": [
              {
                "name": "tmpNotifyEmailAddress",
                "type": "string",
                "value": "@parameters('Group Maintainer Email Address (efdc_GroupMaintainerEmailAddress)')"
              }
            ]
          }
        }
      }
    },
    "templateName": ""
  },
  "schemaVersion": "1.0.0.0"
}