{
  "properties": {
    "connectionReferences": {
      "shared_sharepointonline_1": {
        "runtimeSource": "embedded",
        "connection": {
          "connectionReferenceLogicalName": "efdc_TrackMasterSharePointConnection"
        },
        "api": {
          "name": "shared_sharepointonline"
        }
      }
    },
    "definition": {
      "$schema": "https://schema.management.azure.com/providers/Microsoft.Logic/schemas/2016-06-01/workflowdefinition.json#",
      "contentVersion": "1.0.0.0",
      "parameters": {
        "$connections": {
          "defaultValue": {},
          "type": "Object"
        },
        "$authentication": {
          "defaultValue": {},
          "type": "SecureObject"
        },
        "TrackMaster SharePoint Site Base URL (efdc_TrackMasterSharePointSiteBaseURL)": {
          "defaultValue": "https://umhealth.sharepoint.com/sites/DepressionCenter-TrackMaster",
          "type": "String",
          "metadata": {
            "schemaName": "efdc_TrackMasterSharePointSiteBaseURL",
            "description": "The URL of the TrackMaster site, without a trailing slash and without a page name."
          }
        }
      },
      "triggers": {
        "manual": {
          "metadata": {
            "operationMetadataId": "3ae5a059-f2f9-4756-a301-223313f594ea"
          },
          "type": "Request",
          "kind": "Button",
          "inputs": {
            "schema": {
              "type": "object",
              "properties": {
                "number": {
                  "title": "PeopleID",
                  "type": "number",
                  "x-ms-dynamically-added": true,
                  "description": "Please enter the numeric ID from the People list",
                  "x-ms-content-hint": "NUMBER"
                }
              },
              "required": [
                "number"
              ]
            }
          }
        }
      },
      "actions": {
        "Get_item_from_People_list": {
          "runAfter": {
            "Initialize_variable_ReturnValue": [
              "Succeeded"
            ]
          },
          "metadata": {
            "operationMetadataId": "481343d4-e15f-402d-9607-a3a41f7685e4"
          },
          "type": "OpenApiConnection",
          "inputs": {
            "host": {
              "connectionName": "shared_sharepointonline_1",
              "operationId": "GetItem",
              "apiId": "/providers/Microsoft.PowerApps/apis/shared_sharepointonline"
            },
            "parameters": {
              "dataset": "@parameters('TrackMaster SharePoint Site Base URL (efdc_TrackMasterSharePointSiteBaseURL)')",
              "table": "b06a7441-867b-4ddc-9f05-271c46d7e116",
              "id": "@triggerBody()['number']"
            },
            "authentication": {
              "type": "Raw",
              "value": "@json(decodeBase64(triggerOutputs().headers['X-MS-APIM-Tokens']))['$ConnectionKey']"
            }
          }
        },
        "Only_proceed_if_UniqName_is_valid_and_either_Name_is_temp_val_or_Teams_is_empty": {
          "actions": {
            "Resolve_Person_account_by_UniqName": {
              "runAfter": {},
              "metadata": {
                "operationMetadataId": "be749342-20a1-4ff7-a225-29feea32a787"
              },
              "type": "OpenApiConnection",
              "inputs": {
                "host": {
                  "connectionName": "shared_sharepointonline_1",
                  "operationId": "SearchForUser",
                  "apiId": "/providers/Microsoft.PowerApps/apis/shared_sharepointonline"
                },
                "parameters": {
                  "dataset": "@parameters('TrackMaster SharePoint Site Base URL (efdc_TrackMasterSharePointSiteBaseURL)')",
                  "table": "b06a7441-867b-4ddc-9f05-271c46d7e116",
                  "entityId": "c39b8a9b-6621-431d-a91c-9be4a3f74edf",
                  "searchValue": "@{outputs('Get_item_from_People_list')?['body/UniqName']}@med.umich.edu",
                  "view": "eac2f0a9-fd28-4ae7-8c4a-e59f6a28e036"
                },
                "authentication": {
                  "type": "Raw",
                  "value": "@json(decodeBase64(triggerOutputs().headers['X-MS-APIM-Tokens']))['$ConnectionKey']"
                }
              }
            },
            "Update_item": {
              "runAfter": {
                "Resolve_Person_account_by_UniqName": [
                  "Succeeded"
                ]
              },
              "metadata": {
                "operationMetadataId": "3446a835-9ff3-48c2-9dc1-d914dc8929b7"
              },
              "type": "OpenApiConnection",
              "inputs": {
                "host": {
                  "connectionName": "shared_sharepointonline_1",
                  "operationId": "PatchItem",
                  "apiId": "/providers/Microsoft.PowerApps/apis/shared_sharepointonline"
                },
                "parameters": {
                  "dataset": "@parameters('TrackMaster SharePoint Site Base URL (efdc_TrackMasterSharePointSiteBaseURL)')",
                  "table": "b06a7441-867b-4ddc-9f05-271c46d7e116",
                  "id": "@outputs('Get_item_from_People_list')?['body/ID']",
                  "item/Title": "@concat(trim(split(outputs('Resolve_Person_account_by_UniqName')?['body/DisplayName'], ',')[sub(length(split(outputs('Resolve_Person_account_by_UniqName')?['body/DisplayName'], ',')), 1)]), ' ', split(outputs('Resolve_Person_account_by_UniqName')?['body/DisplayName'], ',')[0])",
                  "item/UniqName": "@outputs('Get_item_from_People_list')?['body/UniqName']",
                  "item/TeamsAccount/Claims": "@outputs('Resolve_Person_account_by_UniqName')?['body/Claims']",
                  "item/FirstName": "@trim(split(outputs('Resolve_Person_account_by_UniqName')?['body/DisplayName'], ',')[sub(length(split(outputs('Resolve_Person_account_by_UniqName')?['body/DisplayName'], ',')), 1)])",
                  "item/LastName": "@split(outputs('Resolve_Person_account_by_UniqName')?['body/DisplayName'], ',')[0]",
                  "item/JobTitle": "@outputs('Resolve_Person_account_by_UniqName')?['body/JobTitle']",
                  "item/Department/Value": "@outputs('Resolve_Person_account_by_UniqName')?['body/Department']",
                  "item/Company/Value": "@if(startsWith(outputs('Resolve_Person_account_by_UniqName')?['body/Department'], 'MM'), 'Michigan Medicine', 'University of Michigan')",
                  "item/SchoolAffiliation/Value": "@if(startsWith(outputs('Resolve_Person_account_by_UniqName')?['body/Department'], 'MM'), 'Medical School', null)",
                  "item/PreferredEmail": "@if(and(equals(string(outputs('Get_item_from_People_list')?['body/PreferredEmail']), null), startsWith(outputs('Resolve_Person_account_by_UniqName')?['body/Department'], 'MM')), outputs('Resolve_Person_account_by_UniqName')?['body/Email'], string(outputs('Get_item_from_People_list')?['body/PreferredEmail']))",
                  "item/Active": "@outputs('Get_item_from_People_list')?['body/Active']"
                },
                "authentication": {
                  "type": "Raw",
                  "value": "@json(decodeBase64(triggerOutputs().headers['X-MS-APIM-Tokens']))['$ConnectionKey']"
                }
              }
            },
            "Set_variable_ReturnValue_to_error_due_to_invalid_O365_account": {
              "runAfter": {
                "Resolve_Person_account_by_UniqName": [
                  "Failed",
                  "Skipped",
                  "TimedOut"
                ]
              },
              "metadata": {
                "operationMetadataId": "621807cd-f1c6-4ac2-8404-67404a2ac2e6"
              },
              "type": "SetVariable",
              "inputs": {
                "name": "ReturnValue",
                "value": {
                  "ItemWasUpdated": false,
                  "ErrorMessage": "Could not find account in MM O365 Environment:  @{outputs('Get_item_from_People_list')?['body/UniqName']}@med.umich.edu.",
                  "UniqName": "@{outputs('Get_item_from_People_list')?['body/UniqName']}",
                  "FullName": "@{outputs('Get_item_from_People_list')?['body/Title']}",
                  "TeamsAccount": "@{outputs('Get_item_from_People_list')?['body/TeamsAccount/Claims']}"
                }
              }
            },
            "Error_Control_-_Merge_Resolve_Person_branches": {
              "runAfter": {
                "Update_item": [
                  "Succeeded",
                  "Failed",
                  "Skipped",
                  "TimedOut"
                ],
                "Set_variable_ReturnValue_to_error_due_to_invalid_O365_account": [
                  "Succeeded"
                ]
              },
              "metadata": {
                "operationMetadataId": "72132800-6e09-4eb5-8e5f-2056f8e42384"
              },
              "type": "Compose",
              "inputs": "Resolve Person Check Concluded"
            }
          },
          "runAfter": {
            "Get_item_from_People_list": [
              "Succeeded"
            ]
          },
          "else": {
            "actions": {
              "Set_variable_ReturnValue_to_error_with_extra_info": {
                "runAfter": {},
                "metadata": {
                  "operationMetadataId": "d8251158-604c-47b8-ae1c-85170250cb14"
                },
                "type": "SetVariable",
                "inputs": {
                  "name": "ReturnValue",
                  "value": {
                    "ItemWasUpdated": false,
                    "ErrorMessage": "Skipped due to invalid UniqName or because data is already present.",
                    "UniqName": "@{outputs('Get_item_from_People_list')?['body/UniqName']}",
                    "FullName": "@{outputs('Get_item_from_People_list')?['body/Title']}",
                    "TeamsAccount": "@{outputs('Get_item_from_People_list')?['body/TeamsAccount/Claims']}"
                  }
                }
              }
            }
          },
          "expression": {
            "and": [
              {
                "equals": [
                  "@if(contains(  outputs('Get_item_from_People_list')?['body/UniqName']  , '@'), 'Invalid', 'Valid')",
                  "Valid"
                ]
              },
              {
                "or": [
                  {
                    "equals": [
                      "@outputs('Get_item_from_People_list')?['body/Title']",
                      "@outputs('Get_item_from_People_list')?['body/UniqName']"
                    ]
                  },
                  {
                    "equals": [
                      "@outputs('Get_item_from_People_list')?['body/TeamsAccount']",
                      null
                    ]
                  }
                ]
              }
            ]
          },
          "metadata": {
            "operationMetadataId": "55217033-08bb-47ac-a7ad-065bf243baf4"
          },
          "type": "If"
        },
        "Initialize_variable_ReturnValue": {
          "runAfter": {},
          "metadata": {
            "operationMetadataId": "e1cfdbfc-ff2d-4472-b553-afefeafc8b18"
          },
          "type": "InitializeVariable",
          "inputs": {
            "variables": [
              {
                "name": "ReturnValue",
                "type": "object",
                "value": {
                  "ItemWasUpdated": true
                }
              }
            ]
          }
        },
        "Respond_to_a_PowerApp_or_flow": {
          "runAfter": {
            "Only_proceed_if_UniqName_is_valid_and_either_Name_is_temp_val_or_Teams_is_empty": [
              "Succeeded",
              "Failed",
              "Skipped",
              "TimedOut"
            ]
          },
          "metadata": {
            "operationMetadataId": "3c58c5c3-dd23-470c-862a-2c345bfe0a66"
          },
          "type": "Response",
          "kind": "PowerApp",
          "inputs": {
            "statusCode": 200,
            "body": {
              "returnvalue": "@{string(variables('ReturnValue'))}"
            },
            "schema": {
              "type": "object",
              "properties": {
                "returnvalue": {
                  "title": "ReturnValue",
                  "x-ms-dynamically-added": true,
                  "type": "string"
                }
              }
            }
          }
        }
      }
    },
    "templateName": ""
  },
  "schemaVersion": "1.0.0.0"
}