{
  "properties": {
    "connectionReferences": {
      "shared_sharepointonline_1": {
        "runtimeSource": "embedded",
        "connection": {
          "connectionReferenceLogicalName": "efdc_TrackMasterSharePointConnection"
        },
        "api": {
          "name": "shared_sharepointonline"
        }
      }
    },
    "definition": {
      "$schema": "https://schema.management.azure.com/providers/Microsoft.Logic/schemas/2016-06-01/workflowdefinition.json#",
      "contentVersion": "1.0.0.0",
      "parameters": {
        "$connections": {
          "defaultValue": {},
          "type": "Object"
        },
        "$authentication": {
          "defaultValue": {},
          "type": "SecureObject"
        },
        "TrackMaster SharePoint Site Base URL (efdc_TrackMasterSharePointSiteBaseURL)": {
          "defaultValue": "https://umhealth.sharepoint.com/sites/DepressionCenter-TrackMaster",
          "type": "String",
          "metadata": {
            "schemaName": "efdc_TrackMasterSharePointSiteBaseURL",
            "description": "The URL of the TrackMaster site, without a trailing slash and without a page name."
          }
        }
      },
      "triggers": {
        "When_an_item_is_created_or_modified": {
          "recurrence": {
            "interval": 5,
            "frequency": "Minute"
          },
          "splitOn": "@triggerOutputs()?['body/value']",
          "metadata": {
            "operationMetadataId": "97cf5b31-1cd3-4707-b60f-ec9cfed18c75"
          },
          "type": "OpenApiConnection",
          "inputs": {
            "host": {
              "connectionName": "shared_sharepointonline_1",
              "operationId": "GetOnUpdatedItems",
              "apiId": "/providers/Microsoft.PowerApps/apis/shared_sharepointonline"
            },
            "parameters": {
              "dataset": "@parameters('TrackMaster SharePoint Site Base URL (efdc_TrackMasterSharePointSiteBaseURL)')",
              "table": "46c5de12-f5b3-4bb8-9fad-e75c6b0190a9",
              "view": "6439035e-4711-49ea-9f3c-5bff800c2eb5"
            },
            "authentication": "@parameters('$authentication')"
          }
        }
      },
      "actions": {
        "Get_record_from_People_list": {
          "runAfter": {},
          "metadata": {
            "operationMetadataId": "e3db2b6e-6ad1-4ae0-8680-c6d2a8e1c31e"
          },
          "type": "OpenApiConnection",
          "inputs": {
            "host": {
              "connectionName": "shared_sharepointonline_1",
              "operationId": "GetItem",
              "apiId": "/providers/Microsoft.PowerApps/apis/shared_sharepointonline"
            },
            "parameters": {
              "dataset": "@parameters('TrackMaster SharePoint Site Base URL (efdc_TrackMasterSharePointSiteBaseURL)')",
              "table": "b06a7441-867b-4ddc-9f05-271c46d7e116",
              "id": "@triggerOutputs()?['body/Recipient/Id']",
              "view": "eac2f0a9-fd28-4ae7-8c4a-e59f6a28e036"
            },
            "authentication": "@parameters('$authentication')"
          }
        },
        "Check_if_service_date_is_greater_than_last_service_date": {
          "actions": {
            "Update_last_service_date_in_People_list": {
              "runAfter": {},
              "metadata": {
                "operationMetadataId": "595ec57e-a0b0-47d6-b338-a86a5d506692"
              },
              "type": "OpenApiConnection",
              "inputs": {
                "host": {
                  "connectionName": "shared_sharepointonline_1",
                  "operationId": "PatchItem",
                  "apiId": "/providers/Microsoft.PowerApps/apis/shared_sharepointonline"
                },
                "parameters": {
                  "dataset": "@parameters('TrackMaster SharePoint Site Base URL (efdc_TrackMasterSharePointSiteBaseURL)')",
                  "table": "b06a7441-867b-4ddc-9f05-271c46d7e116",
                  "id": "@outputs('Get_record_from_People_list')?['body/ID']",
                  "item/Title": "@outputs('Get_record_from_People_list')?['body/Title']",
                  "item/UniqName": "@outputs('Get_record_from_People_list')?['body/UniqName']",
                  "item/HasReceivedServices": true,
                  "item/LastServiceDate": "@triggerOutputs()?['body/Date']",
                  "item/Active": true
                },
                "authentication": "@parameters('$authentication')"
              }
            }
          },
          "runAfter": {
            "Get_record_from_People_list": [
              "Succeeded"
            ]
          },
          "expression": {
            "and": [
              {
                "not": {
                  "equals": [
                    "@triggerOutputs()?['body/ServicesReceived']",
                    null
                  ]
                }
              },
              {
                "or": [
                  {
                    "equals": [
                      "@outputs('Get_record_from_People_list')?['body/LastServiceDate']",
                      null
                    ]
                  },
                  {
                    "less": [
                      "@outputs('Get_record_from_People_list')?['body/LastServiceDate']",
                      "@triggerOutputs()?['body/Date']"
                    ]
                  },
                  {
                    "equals": [
                      "@outputs('Get_record_from_People_list')?['body/HasReceivedServices']",
                      false
                    ]
                  }
                ]
              }
            ]
          },
          "metadata": {
            "operationMetadataId": "fe8042b9-4637-4a3c-8309-aa3098aca4c3"
          },
          "type": "If"
        },
        "Check_if_event_date_is_greater_than_last_event_date": {
          "actions": {
            "Update_last_event_attendance_date_in_People_list": {
              "runAfter": {},
              "metadata": {
                "operationMetadataId": "794e23c1-f3dc-48cd-b55c-45bde97f535b"
              },
              "type": "OpenApiConnection",
              "inputs": {
                "host": {
                  "connectionName": "shared_sharepointonline_1",
                  "operationId": "PatchItem",
                  "apiId": "/providers/Microsoft.PowerApps/apis/shared_sharepointonline"
                },
                "parameters": {
                  "dataset": "@parameters('TrackMaster SharePoint Site Base URL (efdc_TrackMasterSharePointSiteBaseURL)')",
                  "table": "b06a7441-867b-4ddc-9f05-271c46d7e116",
                  "id": "@outputs('Get_record_from_People_list')?['body/ID']",
                  "item/Title": "@outputs('Get_record_from_People_list')?['body/Title']",
                  "item/UniqName": "@outputs('Get_record_from_People_list')?['body/UniqName']",
                  "item/HasAttendedEvents": true,
                  "item/LastEventAttndanceDate": "@triggerOutputs()?['body/Date']",
                  "item/Active": true
                },
                "authentication": "@parameters('$authentication')"
              }
            }
          },
          "runAfter": {
            "Check_if_service_date_is_greater_than_last_service_date": [
              "Succeeded"
            ]
          },
          "expression": {
            "and": [
              {
                "not": {
                  "equals": [
                    "@triggerOutputs()?['body/EventAttendance']",
                    null
                  ]
                }
              },
              {
                "or": [
                  {
                    "equals": [
                      "@outputs('Get_record_from_People_list')?['body/LastEventAttndanceDate']",
                      null
                    ]
                  },
                  {
                    "less": [
                      "@outputs('Get_record_from_People_list')?['body/LastEventAttndanceDate']",
                      "@triggerOutputs()?['body/Date']"
                    ]
                  },
                  {
                    "equals": [
                      "@outputs('Get_record_from_People_list')?['body/HasAttendedEvents']",
                      false
                    ]
                  }
                ]
              }
            ]
          },
          "metadata": {
            "operationMetadataId": "b28d1dac-59e8-4f19-8a30-387216a7cbf6"
          },
          "type": "If"
        }
      }
    },
    "templateName": ""
  },
  "schemaVersion": "1.0.0.0"
}