{
  "properties": {
    "connectionReferences": {
      "shared_sharepointonline_1": {
        "runtimeSource": "embedded",
        "connection": {
          "connectionReferenceLogicalName": "efdc_TrackMasterSharePointConnection"
        },
        "api": {
          "name": "shared_sharepointonline"
        }
      }
    },
    "definition": {
      "$schema": "https://schema.management.azure.com/providers/Microsoft.Logic/schemas/2016-06-01/workflowdefinition.json#",
      "contentVersion": "1.0.0.0",
      "parameters": {
        "$connections": {
          "defaultValue": {},
          "type": "Object"
        },
        "$authentication": {
          "defaultValue": {},
          "type": "SecureObject"
        },
        "TrackMaster SharePoint Site Base URL (efdc_TrackMasterSharePointSiteBaseURL)": {
          "defaultValue": "https://umhealth.sharepoint.com/sites/DepressionCenter-TrackMaster",
          "type": "String",
          "metadata": {
            "schemaName": "efdc_TrackMasterSharePointSiteBaseURL",
            "description": "The URL of the TrackMaster site, without a trailing slash and without a page name."
          }
        }
      },
      "triggers": {
        "manual": {
          "metadata": {
            "operationMetadataId": "aa6a8e02-ebd2-4662-8186-70a62b4a9068"
          },
          "type": "Request",
          "kind": "Button",
          "inputs": {
            "schema": {
              "type": "object",
              "properties": {
                "email": {
                  "title": "MCommunity Group Email",
                  "type": "string",
                  "format": "email",
                  "x-ms-dynamically-added": true,
                  "description": "Enter the MCommunity Group name (email address) you want to lookup.",
                  "x-ms-content-hint": "EMAIL"
                },
                "text": {
                  "title": "Group Name",
                  "type": "string",
                  "x-ms-dynamically-added": true,
                  "description": "-OR - Enter the Group Name from the item in the Group List that you want to lookup.",
                  "x-ms-content-hint": "TEXT"
                },
                "number": {
                  "title": "Group ID",
                  "type": "number",
                  "x-ms-dynamically-added": true,
                  "description": "-OR- Enter the numeric ID of the item in the Group List that you want to lookup.",
                  "x-ms-content-hint": "NUMBER"
                }
              },
              "required": []
            }
          }
        }
      },
      "actions": {
        "Get_Group_items_matching_the_input_parameters": {
          "runAfter": {
            "Initialize_variable_ValidatedGroupEmail": [
              "Succeeded"
            ]
          },
          "metadata": {
            "operationMetadataId": "bb03e676-ecf3-4b4c-ab31-a2a0b7294676"
          },
          "type": "OpenApiConnection",
          "inputs": {
            "host": {
              "connectionName": "shared_sharepointonline_1",
              "operationId": "GetItems",
              "apiId": "/providers/Microsoft.PowerApps/apis/shared_sharepointonline"
            },
            "parameters": {
              "dataset": "@parameters('TrackMaster SharePoint Site Base URL (efdc_TrackMasterSharePointSiteBaseURL)')",
              "table": "ce40c203-443b-415e-8ef7-42e60e264763",
              "$filter": "(ID eq @{if(empty(string(triggerBody()?['number'])), 0, int(trim(string(triggerBody()?['number']))))}) or (Title eq '@{if(empty(triggerBody()?['text']), '~', trim(triggerBody()?['text']))}') or (MCommunity_x0020_Group eq '@{if(empty(triggerBody()?['email']), '~', trim(triggerBody()?['email']))}')",
              "$top": 1,
              "view": "21a8c125-a9e7-4214-9d39-db2771d95e41"
            },
            "authentication": {
              "type": "Raw",
              "value": "@json(decodeBase64(triggerOutputs().headers['X-MS-APIM-Tokens']))['$ConnectionKey']"
            }
          }
        },
        "Respond_to_a_PowerApp_or_flow": {
          "runAfter": {
            "Get_ID_and_UniqName_map_from_filtered_people_results": [
              "Succeeded"
            ]
          },
          "metadata": {
            "operationMetadataId": "c41fd8eb-2c32-4307-81bc-cf43ed891cbc"
          },
          "type": "Response",
          "kind": "PowerApp",
          "inputs": {
            "statusCode": 200,
            "body": {
              "memberids": "@body('Get_People_IDs_as_a_string_in_CSV_format')",
              "uniqnames": "@body('Get_UniqNames_as_a_string_in_CSV_format')",
              "groupid": "@{variables('ValidatedGroupID')}",
              "groupname": "@variables('ValidatedGroupName')",
              "groupmcommunityemail": "@variables('ValidatedGroupEmail')",
              "membermap": "@{body('Get_ID_and_UniqName_map_from_filtered_people_results')}"
            },
            "schema": {
              "type": "object",
              "properties": {
                "memberids": {
                  "title": "MemberIDs",
                  "x-ms-dynamically-added": true,
                  "type": "string"
                },
                "uniqnames": {
                  "title": "UniqNames",
                  "x-ms-dynamically-added": true,
                  "type": "string"
                },
                "groupid": {
                  "title": "GroupID",
                  "x-ms-dynamically-added": true,
                  "type": "number"
                },
                "groupname": {
                  "title": "GroupName",
                  "x-ms-dynamically-added": true,
                  "type": "string"
                },
                "groupmcommunityemail": {
                  "title": "GroupMCommunityEmail",
                  "x-ms-dynamically-added": true,
                  "type": "string"
                },
                "membermap": {
                  "title": "MemberMap",
                  "x-ms-dynamically-added": true,
                  "type": "string"
                }
              }
            }
          }
        },
        "Initialize_variable_ValidatedGroupName": {
          "runAfter": {},
          "metadata": {
            "operationMetadataId": "2bcdd645-5281-4674-a499-b1e6fdd5f86d"
          },
          "type": "InitializeVariable",
          "inputs": {
            "variables": [
              {
                "name": "ValidatedGroupName",
                "type": "string"
              }
            ]
          }
        },
        "Initialize_variable_ValidatedGroupID": {
          "runAfter": {
            "Initialize_variable_ValidatedGroupName": [
              "Succeeded"
            ]
          },
          "metadata": {
            "operationMetadataId": "6deeb526-01a4-4539-9d24-652edb1fcef5"
          },
          "type": "InitializeVariable",
          "inputs": {
            "variables": [
              {
                "name": "ValidatedGroupID",
                "type": "integer",
                "value": 0
              }
            ]
          }
        },
        "Loop_through_each_Group_to_get_details_-_there_should_be_only_one": {
          "foreach": "@outputs('Get_Group_items_matching_the_input_parameters')?['body/value']",
          "actions": {
            "Set_Current_ValidatedGroupID": {
              "runAfter": {},
              "metadata": {
                "operationMetadataId": "478a4db8-beee-4de2-8a9d-b4ffac6b6544"
              },
              "type": "SetVariable",
              "inputs": {
                "name": "ValidatedGroupID",
                "value": "@items('Loop_through_each_Group_to_get_details_-_there_should_be_only_one')?['ID']"
              }
            },
            "Set_Current_ValidatedGroupName": {
              "runAfter": {
                "Set_Current_ValidatedGroupID": [
                  "Succeeded"
                ]
              },
              "metadata": {
                "operationMetadataId": "27942139-0c15-4839-80bb-e3b4c2e07ebe"
              },
              "type": "SetVariable",
              "inputs": {
                "name": "ValidatedGroupName",
                "value": "@items('Loop_through_each_Group_to_get_details_-_there_should_be_only_one')?['Title']"
              }
            },
            "Set_Current_ValidatedGroupEmail": {
              "runAfter": {
                "Set_Current_ValidatedGroupName": [
                  "Succeeded"
                ]
              },
              "metadata": {
                "operationMetadataId": "27942139-0c15-4839-80bb-e3b4c2e07ebe"
              },
              "type": "SetVariable",
              "inputs": {
                "name": "ValidatedGroupEmail",
                "value": "@items('Loop_through_each_Group_to_get_details_-_there_should_be_only_one')?['MCommunity_x0020_Group']"
              }
            }
          },
          "runAfter": {
            "Get_all_active_items_from_People_list": [
              "Succeeded"
            ]
          },
          "metadata": {
            "operationMetadataId": "aecfa37b-4944-4d60-939b-249228a6dfb1"
          },
          "type": "Foreach"
        },
        "Get_all_active_items_from_People_list": {
          "runAfter": {
            "Get_Group_items_matching_the_input_parameters": [
              "Succeeded"
            ]
          },
          "metadata": {
            "operationMetadataId": "4302bf8d-29fb-4d42-bbe1-3da5a1621a16"
          },
          "type": "OpenApiConnection",
          "inputs": {
            "host": {
              "connectionName": "shared_sharepointonline_1",
              "operationId": "GetItems",
              "apiId": "/providers/Microsoft.PowerApps/apis/shared_sharepointonline"
            },
            "parameters": {
              "dataset": "@parameters('TrackMaster SharePoint Site Base URL (efdc_TrackMasterSharePointSiteBaseURL)')",
              "table": "b06a7441-867b-4ddc-9f05-271c46d7e116",
              "$filter": "Active eq 1 and Group_x0020_Membership ne null",
              "view": "12ceb84b-d0bc-484d-98ff-cae032130680"
            },
            "authentication": {
              "type": "Raw",
              "value": "@json(decodeBase64(triggerOutputs().headers['X-MS-APIM-Tokens']))['$ConnectionKey']"
            }
          }
        },
        "Get_UniqNames_as_a_string_in_CSV_format": {
          "runAfter": {
            "Select_UniqNames_from_filtered_people_results": [
              "Succeeded"
            ]
          },
          "metadata": {
            "operationMetadataId": "8683f4c8-4b2c-42bb-8de7-c7970f1346a6"
          },
          "type": "Join",
          "inputs": {
            "from": "@body('Select_UniqNames_from_filtered_people_results')",
            "joinWith": ","
          }
        },
        "Initialize_variable_ValidatedGroupEmail": {
          "runAfter": {
            "Initialize_variable_ValidatedGroupID": [
              "Succeeded"
            ]
          },
          "metadata": {
            "operationMetadataId": "2bcdd645-5281-4674-a499-b1e6fdd5f86d"
          },
          "type": "InitializeVariable",
          "inputs": {
            "variables": [
              {
                "name": "ValidatedGroupEmail",
                "type": "string"
              }
            ]
          }
        },
        "Filter_People_results_to_those_having_the_given_group_membership_only": {
          "runAfter": {
            "Loop_through_each_Group_to_get_details_-_there_should_be_only_one": [
              "Succeeded"
            ]
          },
          "metadata": {
            "operationMetadataId": "7f7d4a40-f90b-4ce8-9830-40d454f03481"
          },
          "type": "Query",
          "inputs": {
            "from": "@outputs('Get_all_active_items_from_People_list')?['body/value']",
            "where": "@equals(xpath(xml(json(concat('{\"Root\": {\"Items\": ', string(item()), '} }'))), concat('boolean(/Root/Items[Group_x005F_x0020_Membership/Id=', string(variables('ValidatedGroupID')), '])')), true)"
          }
        },
        "Select_IDs_from_filtered_people_results": {
          "runAfter": {
            "Filter_People_results_to_those_having_the_given_group_membership_only": [
              "Succeeded"
            ]
          },
          "metadata": {
            "operationMetadataId": "b27ee18c-3022-4a05-b68d-e6bf1f62f5e8"
          },
          "type": "Select",
          "inputs": {
            "from": "@body('Filter_People_results_to_those_having_the_given_group_membership_only')",
            "select": "@item()?['ID']"
          }
        },
        "Select_UniqNames_from_filtered_people_results": {
          "runAfter": {
            "Get_People_IDs_as_a_string_in_CSV_format": [
              "Succeeded"
            ]
          },
          "metadata": {
            "operationMetadataId": "728df810-2e66-41b1-befd-31bb42116005"
          },
          "type": "Select",
          "inputs": {
            "from": "@body('Filter_People_results_to_those_having_the_given_group_membership_only')",
            "select": "@item()?['UniqName']"
          }
        },
        "Get_People_IDs_as_a_string_in_CSV_format": {
          "runAfter": {
            "Select_IDs_from_filtered_people_results": [
              "Succeeded"
            ]
          },
          "metadata": {
            "operationMetadataId": "31b8a413-a6ac-43e3-b3fe-da8c642824f9"
          },
          "type": "Join",
          "inputs": {
            "from": "@body('Select_IDs_from_filtered_people_results')",
            "joinWith": ","
          }
        },
        "Get_ID_and_UniqName_map_from_filtered_people_results": {
          "runAfter": {
            "Get_UniqNames_as_a_string_in_CSV_format": [
              "Succeeded"
            ]
          },
          "metadata": {
            "operationMetadataId": "b406814a-bf15-4c07-9cba-d8ee008098dc"
          },
          "type": "Select",
          "inputs": {
            "from": "@body('Filter_People_results_to_those_having_the_given_group_membership_only')",
            "select": {
              "ID": "@item()?['ID']",
              "UniqName": "@item()?['UniqName']"
            }
          }
        }
      }
    },
    "templateName": ""
  },
  "schemaVersion": "1.0.0.0"
}