{
  "properties": {
    "connectionReferences": {
      "shared_sharepointonline_1": {
        "runtimeSource": "invoker",
        "connection": {
          "connectionReferenceLogicalName": "efdc_TrackMasterSharePointConnection"
        },
        "api": {
          "name": "shared_sharepointonline"
        }
      }
    },
    "definition": {
      "$schema": "https://schema.management.azure.com/providers/Microsoft.Logic/schemas/2016-06-01/workflowdefinition.json#",
      "contentVersion": "1.0.0.0",
      "parameters": {
        "$connections": {
          "defaultValue": {},
          "type": "Object"
        },
        "$authentication": {
          "defaultValue": {},
          "type": "SecureObject"
        },
        "TrackMaster SharePoint Site Base URL (efdc_TrackMasterSharePointSiteBaseURL)": {
          "defaultValue": "https://umhealth.sharepoint.com/sites/DepressionCenter-TrackMaster",
          "type": "String",
          "metadata": {
            "schemaName": "efdc_TrackMasterSharePointSiteBaseURL",
            "description": "The URL of the TrackMaster site, without a trailing slash and without a page name."
          }
        }
      },
      "triggers": {
        "manual": {
          "metadata": {
            "operationMetadataId": "aa6a8e02-ebd2-4662-8186-70a62b4a9068"
          },
          "type": "Request",
          "kind": "Button",
          "inputs": {
            "schema": {
              "type": "object",
              "properties": {
                "email": {
                  "title": "MCommunity Group Email",
                  "type": "string",
                  "format": "email",
                  "x-ms-dynamically-added": true,
                  "description": "Enter the MCommunity Group name (email address) you want to lookup.",
                  "x-ms-content-hint": "EMAIL"
                },
                "text_1": {
                  "title": "Group ID",
                  "type": "string",
                  "x-ms-dynamically-added": true,
                  "description": "-OR- Enter the numeric ID of the item in the Group List that you want to lookup.",
                  "x-ms-content-hint": "TEXT"
                },
                "text": {
                  "title": "Group Name",
                  "type": "string",
                  "x-ms-dynamically-added": true,
                  "description": "-OR - Enter the Group Name from the item in the Group List that you want to lookup.",
                  "x-ms-content-hint": "TEXT"
                }
              },
              "required": []
            }
          }
        }
      },
      "actions": {
        "Get_Group_items_matching_the_input_parameters": {
          "runAfter": {
            "Initialize_variable_ValidatedGroupID": [
              "Succeeded"
            ]
          },
          "metadata": {
            "operationMetadataId": "bb03e676-ecf3-4b4c-ab31-a2a0b7294676"
          },
          "type": "OpenApiConnection",
          "inputs": {
            "host": {
              "connectionName": "shared_sharepointonline_1",
              "operationId": "GetItems",
              "apiId": "/providers/Microsoft.PowerApps/apis/shared_sharepointonline"
            },
            "parameters": {
              "dataset": "@parameters('TrackMaster SharePoint Site Base URL (efdc_TrackMasterSharePointSiteBaseURL)')",
              "table": "ce40c203-443b-415e-8ef7-42e60e264763",
              "$filter": "ID eq @{if(empty(triggerBody()?['text_1']), 0, int(trim(triggerBody()?['text_1'])))} or Title eq '@{if(empty(triggerBody()?['text']), '~', trim(triggerBody()?['text']))}' or MCommunity_x0020_Group eq '@{if(empty(triggerBody()?['email']), '~', trim(triggerBody()?['email']))}'",
              "$top": 1,
              "view": "3ec34642-1daa-477a-b351-4e5b027dd331"
            },
            "authentication": {
              "type": "Raw",
              "value": "@json(decodeBase64(triggerOutputs().headers['X-MS-APIM-Tokens']))['$ConnectionKey']"
            }
          }
        },
        "Respond_to_a_PowerApp_or_flow": {
          "runAfter": {
            "Get_UniqNames_as_a_string_in_CSV_format": [
              "Succeeded"
            ]
          },
          "metadata": {
            "operationMetadataId": "c41fd8eb-2c32-4307-81bc-cf43ed891cbc"
          },
          "type": "Response",
          "kind": "PowerApp",
          "inputs": {
            "statusCode": 200,
            "body": {
              "memberids": "@body('Get_People_IDs_as_a_string_in_CSV_format')",
              "uniqnames": "@body('Get_UniqNames_as_a_string_in_CSV_format')"
            },
            "schema": {
              "type": "object",
              "properties": {
                "memberids": {
                  "title": "MemberIDs",
                  "x-ms-dynamically-added": true,
                  "type": "string"
                },
                "uniqnames": {
                  "title": "UniqNames",
                  "x-ms-dynamically-added": true,
                  "type": "string"
                }
              }
            }
          }
        },
        "Initialize_variable_ValidatedGroupName": {
          "runAfter": {
            "Initialize_variable_GroupMembersUniqNamesArray": [
              "Succeeded"
            ]
          },
          "metadata": {
            "operationMetadataId": "2bcdd645-5281-4674-a499-b1e6fdd5f86d"
          },
          "type": "InitializeVariable",
          "inputs": {
            "variables": [
              {
                "name": "ValidatedGroupName",
                "type": "string",
                "value": "~"
              }
            ]
          }
        },
        "Initialize_variable_ValidatedGroupID": {
          "runAfter": {
            "Initialize_variable_ValidatedGroupName": [
              "Succeeded"
            ]
          },
          "metadata": {
            "operationMetadataId": "6deeb526-01a4-4539-9d24-652edb1fcef5"
          },
          "type": "InitializeVariable",
          "inputs": {
            "variables": [
              {
                "name": "ValidatedGroupID",
                "type": "integer",
                "value": 0
              }
            ]
          }
        },
        "Loop_through_each_Group_and_get_matching_People": {
          "foreach": "@outputs('Get_Group_items_matching_the_input_parameters')?['body/value']",
          "actions": {
            "Set_Current_ValidatedGroupID": {
              "runAfter": {},
              "metadata": {
                "operationMetadataId": "478a4db8-beee-4de2-8a9d-b4ffac6b6544"
              },
              "type": "SetVariable",
              "inputs": {
                "name": "ValidatedGroupID",
                "value": "@items('Loop_through_each_Group_and_get_matching_People')?['ID']"
              }
            },
            "Set_Current_ValidatedGroupName": {
              "runAfter": {
                "Set_Current_ValidatedGroupID": [
                  "Succeeded"
                ]
              },
              "metadata": {
                "operationMetadataId": "27942139-0c15-4839-80bb-e3b4c2e07ebe"
              },
              "type": "SetVariable",
              "inputs": {
                "name": "ValidatedGroupName",
                "value": "@items('Loop_through_each_Group_and_get_matching_People')?['Title']"
              }
            },
            "Loop_through_People_list": {
              "foreach": "@outputs('Get_all_active_items_from_People_list')?['body/value']",
              "actions": {
                "Loop_through_each_Group_Membership_on_current_person": {
                  "foreach": "@items('Loop_through_People_list')?['Group_x0020_Membership']",
                  "actions": {
                    "Check_if_Group_ID_matches_the_group_we_are_looking_for": {
                      "actions": {
                        "Add_person_ID_to_results_array": {
                          "runAfter": {},
                          "metadata": {
                            "operationMetadataId": "53c6540e-562d-4ced-9bc8-9c7cf657ae5c"
                          },
                          "type": "AppendToArrayVariable",
                          "inputs": {
                            "name": "GroupMembersArray",
                            "value": "@items('Loop_through_People_list')?['ID']"
                          }
                        },
                        "Add_UniqName_to_results_array": {
                          "runAfter": {
                            "Add_person_ID_to_results_array": [
                              "Succeeded"
                            ]
                          },
                          "metadata": {
                            "operationMetadataId": "9577063f-5ca2-4310-a682-2a0bd77d751d"
                          },
                          "type": "AppendToArrayVariable",
                          "inputs": {
                            "name": "GroupMembersUniqNamesArray",
                            "value": "@items('Loop_through_People_list')?['UniqName']"
                          }
                        }
                      },
                      "runAfter": {},
                      "expression": {
                        "equals": [
                          "@items('Loop_through_each_Group_Membership_on_current_person')?['Id']",
                          "@variables('ValidatedGroupID')"
                        ]
                      },
                      "metadata": {
                        "operationMetadataId": "63bc0934-50dd-473a-a36e-7bdb06599aab"
                      },
                      "type": "If"
                    }
                  },
                  "runAfter": {},
                  "metadata": {
                    "operationMetadataId": "cb79eba5-c682-4eb2-942a-96717d8d3e82"
                  },
                  "type": "Foreach"
                }
              },
              "runAfter": {
                "Set_Current_ValidatedGroupName": [
                  "Succeeded"
                ]
              },
              "metadata": {
                "operationMetadataId": "5a372eba-5d37-427a-a7a6-5f3af8888439"
              },
              "type": "Foreach",
              "runtimeConfiguration": {
                "concurrency": {
                  "repetitions": 10
                }
              }
            }
          },
          "runAfter": {
            "Get_all_active_items_from_People_list": [
              "Succeeded"
            ]
          },
          "metadata": {
            "operationMetadataId": "aecfa37b-4944-4d60-939b-249228a6dfb1"
          },
          "type": "Foreach"
        },
        "Initialize_variable_GroupMembersArray": {
          "runAfter": {},
          "metadata": {
            "operationMetadataId": "3a61d756-3244-4d39-b494-19b4c022c77c"
          },
          "type": "InitializeVariable",
          "inputs": {
            "variables": [
              {
                "name": "GroupMembersArray",
                "type": "array",
                "value": []
              }
            ]
          }
        },
        "Get_all_active_items_from_People_list": {
          "runAfter": {
            "Get_Group_items_matching_the_input_parameters": [
              "Succeeded"
            ]
          },
          "metadata": {
            "operationMetadataId": "4302bf8d-29fb-4d42-bbe1-3da5a1621a16"
          },
          "type": "OpenApiConnection",
          "inputs": {
            "host": {
              "connectionName": "shared_sharepointonline_1",
              "operationId": "GetItems",
              "apiId": "/providers/Microsoft.PowerApps/apis/shared_sharepointonline"
            },
            "parameters": {
              "dataset": "@parameters('TrackMaster SharePoint Site Base URL (efdc_TrackMasterSharePointSiteBaseURL)')",
              "table": "b06a7441-867b-4ddc-9f05-271c46d7e116",
              "$filter": "Active eq 1 and Group_x0020_Membership ne null",
              "view": "12ceb84b-d0bc-484d-98ff-cae032130680"
            },
            "authentication": {
              "type": "Raw",
              "value": "@json(decodeBase64(triggerOutputs().headers['X-MS-APIM-Tokens']))['$ConnectionKey']"
            }
          }
        },
        "Initialize_variable_GroupMembersUniqNamesArray": {
          "runAfter": {
            "Initialize_variable_GroupMembersArray": [
              "Succeeded"
            ]
          },
          "metadata": {
            "operationMetadataId": "09b4f52c-7d11-44b0-90c5-63d2e7a6f6ab"
          },
          "type": "InitializeVariable",
          "inputs": {
            "variables": [
              {
                "name": "GroupMembersUniqNamesArray",
                "type": "array",
                "value": []
              }
            ]
          }
        },
        "Get_People_IDs_as_a_string_in_CSV_format": {
          "runAfter": {
            "Loop_through_each_Group_and_get_matching_People": [
              "Succeeded"
            ]
          },
          "metadata": {
            "operationMetadataId": "31b8a413-a6ac-43e3-b3fe-da8c642824f9"
          },
          "type": "Join",
          "inputs": {
            "from": "@variables('GroupMembersArray')",
            "joinWith": ","
          }
        },
        "Get_UniqNames_as_a_string_in_CSV_format": {
          "runAfter": {
            "Get_People_IDs_as_a_string_in_CSV_format": [
              "Succeeded"
            ]
          },
          "metadata": {
            "operationMetadataId": "8683f4c8-4b2c-42bb-8de7-c7970f1346a6"
          },
          "type": "Join",
          "inputs": {
            "from": "@variables('GroupMembersUniqNamesArray')",
            "joinWith": ","
          }
        }
      }
    },
    "templateName": ""
  },
  "schemaVersion": "1.0.0.0"
}