{
  "properties": {
    "connectionReferences": {
      "shared_sharepointonline_1": {
        "runtimeSource": "embedded",
        "connection": {
          "connectionReferenceLogicalName": "efdc_TrackMasterSharePointConnection"
        },
        "api": {
          "name": "shared_sharepointonline"
        }
      }
    },
    "definition": {
      "$schema": "https://schema.management.azure.com/providers/Microsoft.Logic/schemas/2016-06-01/workflowdefinition.json#",
      "contentVersion": "1.0.0.0",
      "parameters": {
        "$connections": {
          "defaultValue": {},
          "type": "Object"
        },
        "$authentication": {
          "defaultValue": {},
          "type": "SecureObject"
        },
        "TrackMaster SharePoint Site Base URL (efdc_TrackMasterSharePointSiteBaseURL)": {
          "defaultValue": "https://umhealth.sharepoint.com/sites/DepressionCenter-TrackMaster",
          "type": "String",
          "metadata": {
            "schemaName": "efdc_TrackMasterSharePointSiteBaseURL",
            "description": "The URL of the TrackMaster site, without a trailing slash and without a page name."
          }
        },
        "Center Membership Group (efdc_CenterMembershipGroup)": {
          "defaultValue": "efdc.members@umich.edu",
          "type": "String",
          "metadata": {
            "schemaName": "efdc_CenterMembershipGroup",
            "description": "Enter the email of the MCommunity group that determines whether a person is a member of this center or institute."
          }
        }
      },
      "triggers": {
        "manual": {
          "metadata": {
            "operationMetadataId": "5bdca45a-55b1-4ebe-83dc-232e8909ab24"
          },
          "type": "Request",
          "kind": "Button",
          "inputs": {
            "schema": {
              "type": "object",
              "properties": {
                "email": {
                  "title": "MCommunity Group Email",
                  "type": "string",
                  "format": "email",
                  "x-ms-dynamically-added": true,
                  "description": "Enter the MCommunity Group name (email address) you want to lookup.",
                  "x-ms-content-hint": "EMAIL"
                }
              },
              "required": [
                "email"
              ]
            }
          }
        }
      },
      "actions": {
        "Initialize_variable_GroupID": {
          "runAfter": {},
          "metadata": {
            "operationMetadataId": "5d3d6607-9d50-44c8-a0ca-669788d51ec9"
          },
          "type": "InitializeVariable",
          "inputs": {
            "variables": [
              {
                "name": "GroupID",
                "type": "integer",
                "value": 0
              }
            ]
          }
        },
        "Initialize_variable_GroupName": {
          "runAfter": {
            "Initialize_variable_GroupID": [
              "Succeeded"
            ]
          },
          "metadata": {
            "operationMetadataId": "8ac6cbce-b72c-488e-a613-7a3268a05e2c"
          },
          "type": "InitializeVariable",
          "inputs": {
            "variables": [
              {
                "name": "GroupName",
                "type": "string"
              }
            ]
          }
        },
        "Initialize_variable_-_TeamID": {
          "runAfter": {
            "Initialize_variable_GroupLeaderEmail": [
              "Succeeded"
            ]
          },
          "metadata": {
            "operationMetadataId": "a0cf570f-5e33-42bf-9950-55283f0dd456"
          },
          "type": "InitializeVariable",
          "inputs": {
            "variables": [
              {
                "name": "TeamID",
                "type": "integer",
                "value": 0
              }
            ]
          }
        },
        "Initialize_variable_-_TeamName": {
          "runAfter": {
            "Initialize_variable_-_TeamID": [
              "Succeeded"
            ]
          },
          "metadata": {
            "operationMetadataId": "a2559a38-fa50-4b3a-a8c3-2bd682f3c494"
          },
          "type": "InitializeVariable",
          "inputs": {
            "variables": [
              {
                "name": "TeamName",
                "type": "string"
              }
            ]
          }
        },
        "Try_getting_Group_and_Team_info": {
          "actions": {
            "Get_items_from_Groups_List": {
              "runAfter": {},
              "metadata": {
                "operationMetadataId": "98bdfb17-f611-4526-b82f-3cbc040bb9b3"
              },
              "type": "OpenApiConnection",
              "inputs": {
                "host": {
                  "connectionName": "shared_sharepointonline_1",
                  "operationId": "GetItems",
                  "apiId": "/providers/Microsoft.PowerApps/apis/shared_sharepointonline"
                },
                "parameters": {
                  "dataset": "@parameters('TrackMaster SharePoint Site Base URL (efdc_TrackMasterSharePointSiteBaseURL)')",
                  "table": "ce40c203-443b-415e-8ef7-42e60e264763",
                  "$filter": "MCommunity_x0020_Group eq '@{triggerBody()['email']}'",
                  "$top": 1
                },
                "authentication": {
                  "type": "Raw",
                  "value": "@json(decodeBase64(triggerOutputs().headers['X-MS-APIM-Tokens']))['$ConnectionKey']"
                }
              }
            },
            "Apply_to_each_Group_-_there_should_be_only_one": {
              "foreach": "@outputs('Get_items_from_Groups_List')?['body/value']",
              "actions": {
                "Set_variable_GroupID": {
                  "runAfter": {},
                  "metadata": {
                    "operationMetadataId": "f97d963a-d62a-4ef1-9305-e74b06cc8ce0"
                  },
                  "type": "SetVariable",
                  "inputs": {
                    "name": "GroupID",
                    "value": "@items('Apply_to_each_Group_-_there_should_be_only_one')?['ID']"
                  }
                },
                "Set_variable_GroupName": {
                  "runAfter": {
                    "Set_variable_GroupID": [
                      "Succeeded"
                    ]
                  },
                  "metadata": {
                    "operationMetadataId": "27cd21b3-e0ca-41c2-9bda-a1f8403de369"
                  },
                  "type": "SetVariable",
                  "inputs": {
                    "name": "GroupName",
                    "value": "@items('Apply_to_each_Group_-_there_should_be_only_one')?['Title']"
                  }
                },
                "Set_variable_GroupLeaderName": {
                  "runAfter": {
                    "Set_GroupLeaderID_if_not_null": [
                      "Succeeded"
                    ]
                  },
                  "metadata": {
                    "operationMetadataId": "85a11d36-4c56-4f8a-b0f5-874f24274972"
                  },
                  "type": "SetVariable",
                  "inputs": {
                    "name": "GroupLeaderName",
                    "value": "@items('Apply_to_each_Group_-_there_should_be_only_one')?['Group_x0020_Leader/Value']"
                  }
                },
                "Set_variable_GroupLeaderEmail": {
                  "runAfter": {
                    "Set_variable_GroupLeaderName": [
                      "Succeeded"
                    ]
                  },
                  "metadata": {
                    "operationMetadataId": "3dee9586-629b-4171-a2b4-ceb8b3b3eb94"
                  },
                  "type": "SetVariable",
                  "inputs": {
                    "name": "GroupLeaderEmail",
                    "value": "@items('Apply_to_each_Group_-_there_should_be_only_one')?['Group_x0020_Leader_x003a_Email/Value']"
                  }
                },
                "Set_GroupLeaderID_if_not_null": {
                  "actions": {
                    "Set_variable_GroupLeaderID": {
                      "runAfter": {},
                      "metadata": {
                        "operationMetadataId": "7403155e-16cb-490e-8542-0ed2edc6d1f1"
                      },
                      "type": "SetVariable",
                      "inputs": {
                        "name": "GroupLeaderID",
                        "value": "@items('Apply_to_each_Group_-_there_should_be_only_one')?['Group_x0020_Leader/Id']"
                      }
                    }
                  },
                  "runAfter": {
                    "Set_variable_GroupName": [
                      "Succeeded"
                    ]
                  },
                  "expression": {
                    "not": {
                      "equals": [
                        "@items('Apply_to_each_Group_-_there_should_be_only_one')?['Group_x0020_Leader/Id']",
                        null
                      ]
                    }
                  },
                  "metadata": {
                    "operationMetadataId": "64157be3-eea7-453c-9bd9-24fe19ccd7f3"
                  },
                  "type": "If"
                }
              },
              "runAfter": {
                "Get_items_from_Groups_List": [
                  "Succeeded"
                ]
              },
              "metadata": {
                "operationMetadataId": "c8753f76-ffeb-4465-8c41-2b5479e17739"
              },
              "type": "Foreach"
            },
            "Get_items_from_Teams_List": {
              "runAfter": {
                "Apply_to_each_Group_-_there_should_be_only_one": [
                  "Succeeded"
                ]
              },
              "metadata": {
                "operationMetadataId": "2fdfec9b-5ca1-461d-a4a0-d9c15833a75d"
              },
              "type": "OpenApiConnection",
              "inputs": {
                "host": {
                  "connectionName": "shared_sharepointonline_1",
                  "operationId": "GetItems",
                  "apiId": "/providers/Microsoft.PowerApps/apis/shared_sharepointonline"
                },
                "parameters": {
                  "dataset": "@parameters('TrackMaster SharePoint Site Base URL (efdc_TrackMasterSharePointSiteBaseURL)')",
                  "table": "d8e3ce98-b2bd-49db-9588-461a2ece4e57",
                  "$filter": "MCommunity_x0020_Group eq '@{triggerBody()['email']}'",
                  "$top": 1
                },
                "authentication": {
                  "type": "Raw",
                  "value": "@json(decodeBase64(triggerOutputs().headers['X-MS-APIM-Tokens']))['$ConnectionKey']"
                }
              }
            },
            "Apply_to_each_Team_-_there_should_only_be_one": {
              "foreach": "@outputs('Get_items_from_Teams_List')?['body/value']",
              "actions": {
                "Set_variable_TeamID": {
                  "runAfter": {},
                  "metadata": {
                    "operationMetadataId": "86853bc3-7e4d-4f27-97d8-0b4572a01280"
                  },
                  "type": "SetVariable",
                  "inputs": {
                    "name": "TeamID",
                    "value": "@items('Apply_to_each_Team_-_there_should_only_be_one')?['ID']"
                  }
                },
                "Set_variable_TeamName": {
                  "runAfter": {
                    "Set_variable_TeamID": [
                      "Succeeded"
                    ]
                  },
                  "metadata": {
                    "operationMetadataId": "e902a9eb-b60b-4961-bd23-7777e7179c11"
                  },
                  "type": "SetVariable",
                  "inputs": {
                    "name": "TeamName",
                    "value": "@items('Apply_to_each_Team_-_there_should_only_be_one')?['Title']"
                  }
                },
                "Set_variable_TeamLeaderName": {
                  "runAfter": {
                    "Set_TeamLeaderID_if_not_null": [
                      "Succeeded"
                    ]
                  },
                  "metadata": {
                    "operationMetadataId": "3f349d4c-7ada-4708-9447-2960e4816377"
                  },
                  "type": "SetVariable",
                  "inputs": {
                    "name": "TeamLeaderName",
                    "value": "@items('Apply_to_each_Team_-_there_should_only_be_one')?['Team_x0020_Leader/Value']"
                  }
                },
                "Set_TeamLeaderID_if_not_null": {
                  "actions": {
                    "Set_variable_TeamLeaderID": {
                      "runAfter": {},
                      "metadata": {
                        "operationMetadataId": "f97d495c-08d4-4436-ae2e-b8570d0cfdd2"
                      },
                      "type": "SetVariable",
                      "inputs": {
                        "name": "TeamLeaderID",
                        "value": "@items('Apply_to_each_Team_-_there_should_only_be_one')?['Team_x0020_Leader/Id']"
                      }
                    }
                  },
                  "runAfter": {
                    "Set_variable_TeamName": [
                      "Succeeded"
                    ]
                  },
                  "expression": {
                    "not": {
                      "equals": [
                        "@items('Apply_to_each_Team_-_there_should_only_be_one')?['Team_x0020_Leader/Id']",
                        null
                      ]
                    }
                  },
                  "metadata": {
                    "operationMetadataId": "cde50e3b-ed16-4c33-8b07-93307ab5f8bc"
                  },
                  "type": "If"
                }
              },
              "runAfter": {
                "Get_items_from_Teams_List": [
                  "Succeeded"
                ]
              },
              "metadata": {
                "operationMetadataId": "e5c7fdf3-eb29-4d60-a37c-74fe87d95ebf"
              },
              "type": "Foreach"
            }
          },
          "runAfter": {
            "Initialize_variable_TeamLeaderName": [
              "Succeeded"
            ]
          },
          "metadata": {
            "operationMetadataId": "cd6e908d-b6e0-4d13-a6fa-01352b539656"
          },
          "type": "Scope"
        },
        "Respond_to_a_PowerApp_or_flow": {
          "runAfter": {
            "Try_getting_Group_and_Team_info": [
              "Succeeded",
              "TimedOut",
              "Skipped",
              "Failed"
            ]
          },
          "metadata": {
            "operationMetadataId": "0a9556fb-f74b-4a0e-91b1-35d3f704875b"
          },
          "type": "Response",
          "kind": "PowerApp",
          "inputs": {
            "statusCode": 200,
            "body": {
              "groupname": "@variables('GroupName')",
              "groupid": "@{variables('GroupID')}",
              "iscentermembershipgroup": "@{equals( string(triggerBody()['email']), string(parameters('Center Membership Group (efdc_CenterMembershipGroup)')) )}",
              "teamname": "@variables('TeamName')",
              "teamid": "@{variables('TeamID')}",
              "teamleaderid": "@{variables('TeamLeaderID')}",
              "teamleadername": "@variables('TeamLeaderName')",
              "groupleadername": "@variables('GroupLeaderName')",
              "groupleaderid": "@{variables('GroupLeaderID')}",
              "groupleaderemail": "@variables('GroupLeaderEmail')"
            },
            "schema": {
              "type": "object",
              "properties": {
                "groupname": {
                  "title": "GroupName",
                  "x-ms-dynamically-added": true,
                  "type": "string"
                },
                "groupid": {
                  "title": "GroupID",
                  "x-ms-dynamically-added": true,
                  "type": "number"
                },
                "iscentermembershipgroup": {
                  "title": "IsCenterMembershipGroup",
                  "x-ms-dynamically-added": true,
                  "type": "boolean"
                },
                "teamname": {
                  "title": "TeamName",
                  "x-ms-dynamically-added": true,
                  "type": "string"
                },
                "teamid": {
                  "title": "TeamID",
                  "x-ms-dynamically-added": true,
                  "type": "number"
                },
                "teamleaderid": {
                  "title": "TeamLeaderID",
                  "x-ms-dynamically-added": true,
                  "type": "number"
                },
                "teamleadername": {
                  "title": "TeamLeaderName",
                  "x-ms-dynamically-added": true,
                  "type": "string"
                },
                "groupleadername": {
                  "title": "GroupLeaderName",
                  "x-ms-dynamically-added": true,
                  "type": "string"
                },
                "groupleaderid": {
                  "title": "GroupLeaderID",
                  "x-ms-dynamically-added": true,
                  "type": "number"
                },
                "groupleaderemail": {
                  "title": "GroupLeaderEmail",
                  "x-ms-dynamically-added": true,
                  "type": "string"
                }
              }
            }
          }
        },
        "Initialize_variable_GroupLeaderID": {
          "runAfter": {
            "Initialize_variable_GroupName": [
              "Succeeded"
            ]
          },
          "metadata": {
            "operationMetadataId": "587cb8b3-27e1-4fcd-a472-d1b04d05b3c6"
          },
          "type": "InitializeVariable",
          "inputs": {
            "variables": [
              {
                "name": "GroupLeaderID",
                "type": "integer",
                "value": 0
              }
            ]
          }
        },
        "Initialize_variable_GroupLeaderName": {
          "runAfter": {
            "Initialize_variable_GroupLeaderID": [
              "Succeeded"
            ]
          },
          "metadata": {
            "operationMetadataId": "f6d1b6c7-e86a-4749-8a2a-e285d540e925"
          },
          "type": "InitializeVariable",
          "inputs": {
            "variables": [
              {
                "name": "GroupLeaderName",
                "type": "string"
              }
            ]
          }
        },
        "Initialize_variable_GroupLeaderEmail": {
          "runAfter": {
            "Initialize_variable_GroupLeaderName": [
              "Succeeded"
            ]
          },
          "metadata": {
            "operationMetadataId": "99979f47-7e97-4707-9e6a-ffc07674422d"
          },
          "type": "InitializeVariable",
          "inputs": {
            "variables": [
              {
                "name": "GroupLeaderEmail",
                "type": "string"
              }
            ]
          }
        },
        "Initialize_variable_TeamLeaderID": {
          "runAfter": {
            "Initialize_variable_-_TeamName": [
              "Succeeded"
            ]
          },
          "metadata": {
            "operationMetadataId": "089c301c-067f-40a7-a42a-d592c787bd42"
          },
          "type": "InitializeVariable",
          "inputs": {
            "variables": [
              {
                "name": "TeamLeaderID",
                "type": "integer",
                "value": 0
              }
            ]
          }
        },
        "Initialize_variable_TeamLeaderName": {
          "runAfter": {
            "Initialize_variable_TeamLeaderID": [
              "Succeeded"
            ]
          },
          "metadata": {
            "operationMetadataId": "c5202101-b645-4928-8f79-b8525bd642c9"
          },
          "type": "InitializeVariable",
          "inputs": {
            "variables": [
              {
                "name": "TeamLeaderName",
                "type": "string"
              }
            ]
          }
        }
      }
    },
    "templateName": ""
  },
  "schemaVersion": "1.0.0.0"
}