{
  "properties": {
    "connectionReferences": {
      "shared_sharepointonline_1": {
        "runtimeSource": "embedded",
        "connection": {
          "connectionReferenceLogicalName": "efdc_TrackMasterSharePointConnection"
        },
        "api": {
          "name": "shared_sharepointonline"
        }
      }
    },
    "definition": {
      "$schema": "https://schema.management.azure.com/providers/Microsoft.Logic/schemas/2016-06-01/workflowdefinition.json#",
      "contentVersion": "1.0.0.0",
      "parameters": {
        "$connections": {
          "defaultValue": {},
          "type": "Object"
        },
        "$authentication": {
          "defaultValue": {},
          "type": "SecureObject"
        },
        "TrackMaster SharePoint Site Base URL (efdc_TrackMasterSharePointSiteBaseURL)": {
          "defaultValue": "https://umhealth.sharepoint.com/sites/DepressionCenter-TrackMaster",
          "type": "String",
          "metadata": {
            "schemaName": "efdc_TrackMasterSharePointSiteBaseURL",
            "description": "The URL of the TrackMaster site, without a trailing slash and without a page name."
          }
        }
      },
      "triggers": {
        "Run_Daily": {
          "recurrence": {
            "frequency": "Day",
            "interval": 1,
            "startTime": "2023-08-01T05:30:00Z",
            "schedule": {
              "hours": [
                "1"
              ]
            }
          },
          "metadata": {
            "operationMetadataId": "957cedc4-85e5-4129-89da-77d7982a1a64"
          },
          "type": "Recurrence"
        }
      },
      "actions": {
        "Get_items_from_People_list_that_are_missing_a_Teams_Account": {
          "runAfter": {},
          "metadata": {
            "operationMetadataId": "6e41ea5b-7cc3-4e17-be5c-4f64103c9bd8"
          },
          "type": "OpenApiConnection",
          "inputs": {
            "host": {
              "connectionName": "shared_sharepointonline_1",
              "operationId": "GetItems",
              "apiId": "/providers/Microsoft.PowerApps/apis/shared_sharepointonline"
            },
            "parameters": {
              "dataset": "@parameters('TrackMaster SharePoint Site Base URL (efdc_TrackMasterSharePointSiteBaseURL)')",
              "table": "b06a7441-867b-4ddc-9f05-271c46d7e116",
              "$filter": "(TeamsAccount eq null) and (Active eq 1) and (UniqName ne null) and (Modified gt '@{formatDateTime(addDays(utcnow('yyyy-MM-ddTHH:mm:ssZ'),-30), 'yyyy-MM-dd')}')",
              "$orderby": "Modified desc",
              "$top": 250,
              "view": "eac2f0a9-fd28-4ae7-8c4a-e59f6a28e036"
            },
            "authentication": "@parameters('$authentication')"
          }
        },
        "Loop_through_People_list_items": {
          "foreach": "@outputs('Get_items_from_People_list_that_are_missing_a_Teams_Account')?['body/value']",
          "actions": {
            "Only_proceed_if_UniqName_is_valid": {
              "actions": {
                "Resolve_Person_account_by_UniqName": {
                  "runAfter": {},
                  "metadata": {
                    "operationMetadataId": "be749342-20a1-4ff7-a225-29feea32a787"
                  },
                  "type": "OpenApiConnection",
                  "inputs": {
                    "host": {
                      "connectionName": "shared_sharepointonline_1",
                      "operationId": "SearchForUser",
                      "apiId": "/providers/Microsoft.PowerApps/apis/shared_sharepointonline"
                    },
                    "parameters": {
                      "dataset": "@parameters('TrackMaster SharePoint Site Base URL (efdc_TrackMasterSharePointSiteBaseURL)')",
                      "table": "b06a7441-867b-4ddc-9f05-271c46d7e116",
                      "entityId": "c39b8a9b-6621-431d-a91c-9be4a3f74edf",
                      "searchValue": "@{items('Loop_through_People_list_items')?['UniqName']}@med.umich.edu",
                      "view": "eac2f0a9-fd28-4ae7-8c4a-e59f6a28e036"
                    },
                    "authentication": "@parameters('$authentication')"
                  }
                },
                "Update_item": {
                  "runAfter": {
                    "Resolve_Person_account_by_UniqName": [
                      "Succeeded"
                    ]
                  },
                  "metadata": {
                    "operationMetadataId": "3446a835-9ff3-48c2-9dc1-d914dc8929b7"
                  },
                  "type": "OpenApiConnection",
                  "inputs": {
                    "host": {
                      "connectionName": "shared_sharepointonline_1",
                      "operationId": "PatchItem",
                      "apiId": "/providers/Microsoft.PowerApps/apis/shared_sharepointonline"
                    },
                    "parameters": {
                      "dataset": "@parameters('TrackMaster SharePoint Site Base URL (efdc_TrackMasterSharePointSiteBaseURL)')",
                      "table": "b06a7441-867b-4ddc-9f05-271c46d7e116",
                      "id": "@items('Loop_through_People_list_items')?['ID']",
                      "item/Title": "@concat(trim(split(outputs('Resolve_Person_account_by_UniqName')?['body/DisplayName'], ',')[sub(length(split(outputs('Resolve_Person_account_by_UniqName')?['body/DisplayName'], ',')), 1)]), ' ', split(outputs('Resolve_Person_account_by_UniqName')?['body/DisplayName'], ',')[0])",
                      "item/UniqName": "@items('Loop_through_People_list_items')?['UniqName']",
                      "item/TeamsAccount/Claims": "@outputs('Resolve_Person_account_by_UniqName')?['body/Claims']",
                      "item/FirstName": "@trim(split(outputs('Resolve_Person_account_by_UniqName')?['body/DisplayName'], ',')[sub(length(split(outputs('Resolve_Person_account_by_UniqName')?['body/DisplayName'], ',')), 1)])",
                      "item/LastName": "@split(outputs('Resolve_Person_account_by_UniqName')?['body/DisplayName'], ',')[0]",
                      "item/JobTitle": "@outputs('Resolve_Person_account_by_UniqName')?['body/JobTitle']",
                      "item/Department/Value": "@outputs('Resolve_Person_account_by_UniqName')?['body/Department']",
                      "item/Company/Value": "@if(startsWith(outputs('Resolve_Person_account_by_UniqName')?['body/Department'],'MM') , 'Michigan Medicine' , 'University of Michigan')",
                      "item/SchoolAffiliation/Value": "@if(startsWith(outputs('Resolve_Person_account_by_UniqName')?['body/Department'],'MM') , 'Medical School' , null)",
                      "item/PreferredEmail": "@if(and(equals(items('Loop_through_People_list_items')?['PreferredEmail'],null),startsWith(outputs('Resolve_Person_account_by_UniqName')?['body/Department'],'MM')) , outputs('Resolve_Person_account_by_UniqName')?['body/Email'] , items('Loop_through_People_list_items')?['PreferredEmail'])",
                      "item/Publication_x0020_Topics/Value": "",
                      "item/Active": true
                    },
                    "authentication": "@parameters('$authentication')"
                  }
                },
                "DEBUG_-_Account_not_found_in_MM_Office_365_environment": {
                  "runAfter": {
                    "Resolve_Person_account_by_UniqName": [
                      "Failed",
                      "Skipped",
                      "TimedOut"
                    ]
                  },
                  "metadata": {
                    "operationMetadataId": "eb4d6981-b8ad-4c3e-8694-ecc4cb9fabd7"
                  },
                  "type": "Compose",
                  "inputs": "Could not find account in MM O365 Environment:  @{items('Loop_through_People_list_items')?['UniqName']}@med.umich.edu"
                },
                "Error_Control_-_Merge_Resolve_Person_branches": {
                  "runAfter": {
                    "Update_item": [
                      "Succeeded",
                      "Failed",
                      "Skipped",
                      "TimedOut"
                    ],
                    "DEBUG_-_Account_not_found_in_MM_Office_365_environment": [
                      "Succeeded",
                      "Failed",
                      "Skipped",
                      "TimedOut"
                    ]
                  },
                  "metadata": {
                    "operationMetadataId": "72132800-6e09-4eb5-8e5f-2056f8e42384"
                  },
                  "type": "Compose",
                  "inputs": "Resolve Person Check Concluded"
                }
              },
              "runAfter": {},
              "else": {
                "actions": {
                  "DEBUG_-_Skipped_item_due_to_invalid_UniqName": {
                    "runAfter": {},
                    "metadata": {
                      "operationMetadataId": "9bbed512-726b-4fad-a634-a0ad9d4103bd"
                    },
                    "type": "Compose",
                    "inputs": "'Invalid UniqName: ' @{items('Loop_through_People_list_items')?['UniqName']}"
                  }
                }
              },
              "expression": {
                "equals": [
                  "@if(contains(items('Loop_through_People_list_items')?['UniqName'], '@'), 'Invalid', 'Valid')",
                  "Valid"
                ]
              },
              "metadata": {
                "operationMetadataId": "55217033-08bb-47ac-a7ad-065bf243baf4"
              },
              "type": "If"
            }
          },
          "runAfter": {
            "Get_items_from_People_list_that_are_missing_a_Teams_Account": [
              "Succeeded"
            ]
          },
          "metadata": {
            "operationMetadataId": "728b4e37-fb3b-4c00-8560-f43e225c86fe"
          },
          "type": "Foreach"
        }
      }
    },
    "templateName": ""
  },
  "schemaVersion": "1.0.0.0"
}