{
  "properties": {
    "connectionReferences": {
      "shared_sharepointonline_1": {
        "runtimeSource": "embedded",
        "connection": {
          "connectionReferenceLogicalName": "efdc_TrackMasterSharePointConnection"
        },
        "api": {
          "name": "shared_sharepointonline"
        }
      }
    },
    "definition": {
      "$schema": "https://schema.management.azure.com/providers/Microsoft.Logic/schemas/2016-06-01/workflowdefinition.json#",
      "contentVersion": "1.0.0.0",
      "parameters": {
        "$connections": {
          "defaultValue": {},
          "type": "Object"
        },
        "$authentication": {
          "defaultValue": {},
          "type": "SecureObject"
        },
        "TrackMaster SharePoint Site Base URL (efdc_TrackMasterSharePointSiteBaseURL)": {
          "defaultValue": "https://umhealth.sharepoint.com/sites/DepressionCenter-TrackMaster",
          "type": "String",
          "metadata": {
            "schemaName": "efdc_TrackMasterSharePointSiteBaseURL",
            "description": "The URL of the TrackMaster site, without a trailing slash and without a page name."
          }
        },
        "Center Membership Group (efdc_CenterMembershipGroup)": {
          "defaultValue": "efdc.members@umich.edu",
          "type": "String",
          "metadata": {
            "schemaName": "efdc_CenterMembershipGroup",
            "description": "Enter the email of the MCommunity group that determines whether a person is a member of this center or institute."
          }
        }
      },
      "triggers": {
        "Run_every_4_hours": {
          "recurrence": {
            "frequency": "Hour",
            "interval": 4,
            "startTime": "2023-08-03T04:00:00Z"
          },
          "metadata": {
            "operationMetadataId": "1c10b97d-e347-49d3-b935-0df1a4257cfa"
          },
          "type": "Recurrence"
        }
      },
      "actions": {
        "Initialize_variable_MCommunityGroupFileName": {
          "runAfter": {},
          "metadata": {
            "operationMetadataId": "d7defbb9-5a51-421a-9572-171e56911c15"
          },
          "type": "InitializeVariable",
          "inputs": {
            "variables": [
              {
                "name": "MCommunityGroupFileName",
                "type": "string",
                "value": "@{replace(parameters('Center Membership Group (efdc_CenterMembershipGroup)'), '@umich.edu', '.csv')}"
              }
            ]
          }
        },
        "Initialize_variable_CenterMembersArray": {
          "runAfter": {
            "Initialize_variable_MCommunityGroupFileName": [
              "Succeeded"
            ]
          },
          "metadata": {
            "operationMetadataId": "eb9435e1-ce05-4f58-b089-5255a6eb2ddf"
          },
          "type": "InitializeVariable",
          "inputs": {
            "variables": [
              {
                "name": "CenterMembersArray",
                "type": "array",
                "value": []
              }
            ]
          }
        },
        "Get_MCommunity_membership_data_file_only_if_modified_since_last_scheduled_run": {
          "runAfter": {
            "Get_ID_from_results_and_save_to_GroupID": [
              "Succeeded"
            ]
          },
          "metadata": {
            "operationMetadataId": "4acf108e-ec86-4812-8496-9cdd8e8a1a6b"
          },
          "type": "OpenApiConnection",
          "inputs": {
            "host": {
              "connectionName": "shared_sharepointonline_1",
              "operationId": "GetFileItems",
              "apiId": "/providers/Microsoft.PowerApps/apis/shared_sharepointonline"
            },
            "parameters": {
              "dataset": "@parameters('TrackMaster SharePoint Site Base URL (efdc_TrackMasterSharePointSiteBaseURL)')",
              "table": "91f9a71f-f94c-4ec7-9ddd-108116bc5035",
              "folderPath": "/Shared Documents/data/MCommunityGroupMembers",
              "viewScopeOption": "RecursiveAll",
              "$filter": "File_x0020_Type eq 'csv' and FileLeafRef eq '@{variables('MCommunityGroupFileName')}' and Modified gt '@{addHours(utcNow(),-7)}'",
              "$top": 1,
              "view": "7c6e9a9b-f6f3-418a-b38b-1ee231322b49"
            },
            "authentication": "@parameters('$authentication')"
          }
        },
        "Get_file_metadata_using_path": {
          "runAfter": {
            "Get_MCommunity_membership_data_file_only_if_modified_since_last_scheduled_run": [
              "Succeeded"
            ]
          },
          "metadata": {
            "operationMetadataId": "ef280f46-9bc9-443b-9440-fb457cc23710"
          },
          "type": "OpenApiConnection",
          "inputs": {
            "host": {
              "connectionName": "shared_sharepointonline_1",
              "operationId": "GetFileMetadataByPath",
              "apiId": "/providers/Microsoft.PowerApps/apis/shared_sharepointonline"
            },
            "parameters": {
              "dataset": "@parameters('TrackMaster SharePoint Site Base URL (efdc_TrackMasterSharePointSiteBaseURL)')",
              "path": "/Shared Documents/data/MCommunityGroupMembers/@{variables('MCommunityGroupFileName')}"
            },
            "authentication": "@parameters('$authentication')"
          }
        },
        "Calculate_time_8_hours_ago": {
          "runAfter": {
            "Get_file_metadata_using_path": [
              "Succeeded"
            ]
          },
          "metadata": {
            "operationMetadataId": "c6275e26-ece7-4259-a8e4-aaf0171b13b6"
          },
          "type": "Expression",
          "kind": "GetPastTime",
          "inputs": {
            "interval": 8,
            "timeUnit": "Hour"
          }
        },
        "Check_if_MCommunity_CSV_file_was_modified_since_last_run_or_exit_otherwise": {
          "actions": {
            "Run_a_Child_Flow_-_Get_Group_Members_from_CSV": {
              "runAfter": {},
              "metadata": {
                "operationMetadataId": "62745e7c-74f1-4109-af8a-90cf4ef28db3"
              },
              "type": "Workflow",
              "inputs": {
                "host": {
                  "workflowReferenceName": "8b78c81c-4d32-ee11-bdf3-000d3a3af012"
                },
                "body": {
                  "email": "@parameters('Center Membership Group (efdc_CenterMembershipGroup)')"
                }
              }
            },
            "Save_CSV_contents_to_CenterMembersArray": {
              "runAfter": {
                "Run_a_Child_Flow_-_Get_Group_Members_from_CSV": [
                  "Succeeded"
                ]
              },
              "metadata": {
                "operationMetadataId": "c316cbc8-2f12-464d-b676-038451535fc2"
              },
              "type": "SetVariable",
              "inputs": {
                "name": "CenterMembersArray",
                "value": "@split(outputs('Run_a_Child_Flow_-_Get_Group_Members_from_CSV')?['Body']?['uniqnames'],',')"
              }
            },
            "Add_Center_Member_Flag_if_found_in_CSV": {
              "actions": {
                "Loop_through_center_members_from_CSV": {
                  "foreach": "@variables('CenterMembersArray')",
                  "actions": {
                    "Find_People_item_that_matches_current_UniqName_from_CSV": {
                      "runAfter": {},
                      "metadata": {
                        "operationMetadataId": "59f5683b-5317-44af-b382-70e40a339b9c"
                      },
                      "type": "OpenApiConnection",
                      "inputs": {
                        "host": {
                          "connectionName": "shared_sharepointonline_1",
                          "operationId": "GetItems",
                          "apiId": "/providers/Microsoft.PowerApps/apis/shared_sharepointonline"
                        },
                        "parameters": {
                          "dataset": "@parameters('TrackMaster SharePoint Site Base URL (efdc_TrackMasterSharePointSiteBaseURL)')",
                          "table": "b06a7441-867b-4ddc-9f05-271c46d7e116",
                          "$filter": "Active eq 1 and UniqName eq '@{item()}'",
                          "$top": 1,
                          "view": "12ceb84b-d0bc-484d-98ff-cae032130680"
                        },
                        "authentication": "@parameters('$authentication')"
                      }
                    },
                    "Check_if_person_is_already_in_People_list": {
                      "actions": {
                        "Loop_through_People_list_result_which_should_be_only_one": {
                          "foreach": "@outputs('Find_People_item_that_matches_current_UniqName_from_CSV')?['body/value']",
                          "actions": {
                            "Filter_array_to_remove_GroupID": {
                              "runAfter": {},
                              "metadata": {
                                "operationMetadataId": "64b9adc5-521f-4266-9cee-b735c187e829"
                              },
                              "type": "Query",
                              "inputs": {
                                "from": "@items('Loop_through_People_list_result_which_should_be_only_one')?['Group_x0020_Membership']",
                                "where": "@not(equals(item()?['Id'], variables('GroupID')))"
                              }
                            },
                            "Condition": {
                              "actions": {
                                "Update_item": {
                                  "runAfter": {
                                    "Append_to_array_variable": [
                                      "Succeeded"
                                    ]
                                  },
                                  "metadata": {
                                    "operationMetadataId": "1d4cb6ad-2f4e-48e8-b48e-e397acc3ec26"
                                  },
                                  "type": "OpenApiConnection",
                                  "inputs": {
                                    "host": {
                                      "connectionName": "shared_sharepointonline_1",
                                      "operationId": "PatchItem",
                                      "apiId": "/providers/Microsoft.PowerApps/apis/shared_sharepointonline"
                                    },
                                    "parameters": {
                                      "dataset": "@parameters('TrackMaster SharePoint Site Base URL (efdc_TrackMasterSharePointSiteBaseURL)')",
                                      "table": "b06a7441-867b-4ddc-9f05-271c46d7e116",
                                      "id": "@items('Loop_through_People_list_result_which_should_be_only_one')?['ID']",
                                      "item/Title": "@items('Loop_through_People_list_result_which_should_be_only_one')?['Title']",
                                      "item/UniqName": "@items('Loop_through_People_list_result_which_should_be_only_one')?['UniqName']",
                                      "item/Publication_x0020_Topics": [
                                        {
                                          "item/Publication_x0020_Topics/Value": ""
                                        }
                                      ],
                                      "item/CenterMember": true,
                                      "item/CenterMembershipJoinDate": "@formatDateTime(utcNow(),'O')",
                                      "item/Group_x0020_Membership": "@variables('tmpGroupList')",
                                      "item/Active": true
                                    },
                                    "authentication": "@parameters('$authentication')"
                                  }
                                },
                                "Append_to_array_variable": {
                                  "runAfter": {},
                                  "metadata": {
                                    "operationMetadataId": "b243df29-0098-48b7-9564-66a64ba83490"
                                  },
                                  "type": "AppendToArrayVariable",
                                  "inputs": {
                                    "name": "tmpGroupList",
                                    "value": {
                                      "Id": "@variables('GroupID')"
                                    }
                                  }
                                }
                              },
                              "runAfter": {
                                "Set_tmpGroupList_to_filtered_clean_array": [
                                  "Succeeded"
                                ]
                              },
                              "expression": {
                                "or": [
                                  {
                                    "equals": [
                                      "@items('Loop_through_People_list_result_which_should_be_only_one')?['CenterMember']",
                                      false
                                    ]
                                  },
                                  {
                                    "equals": [
                                      "@length(items('Loop_through_People_list_result_which_should_be_only_one')?['Group_x0020_Membership'])",
                                      0
                                    ]
                                  },
                                  {
                                    "equals": [
                                      "@length(body('Filter_array_to_remove_GroupID'))",
                                      "@length(items('Loop_through_People_list_result_which_should_be_only_one')?['Group_x0020_Membership'])"
                                    ]
                                  }
                                ]
                              },
                              "metadata": {
                                "operationMetadataId": "813a6343-e656-490a-ad46-a92316d9fd2f"
                              },
                              "type": "If"
                            },
                            "Select_only_the_Ids_so_array_can_be_inserted_into_group_membership_column": {
                              "runAfter": {
                                "Filter_array_to_remove_GroupID": [
                                  "Succeeded"
                                ]
                              },
                              "metadata": {
                                "operationMetadataId": "53c64dd0-2aac-4d37-ae9a-0b3d639f733f"
                              },
                              "type": "Select",
                              "inputs": {
                                "from": "@body('Filter_array_to_remove_GroupID')",
                                "select": {
                                  "Id": "@item()?['Id']"
                                }
                              }
                            },
                            "Set_tmpGroupList_to_filtered_clean_array": {
                              "runAfter": {
                                "Select_only_the_Ids_so_array_can_be_inserted_into_group_membership_column": [
                                  "Succeeded"
                                ]
                              },
                              "metadata": {
                                "operationMetadataId": "286b37ca-d276-4b7f-9f52-19a2f22e9d5a"
                              },
                              "type": "SetVariable",
                              "inputs": {
                                "name": "tmpGroupList",
                                "value": "@body('Select_only_the_Ids_so_array_can_be_inserted_into_group_membership_column')"
                              }
                            }
                          },
                          "runAfter": {},
                          "metadata": {
                            "operationMetadataId": "bf8752d9-9470-41fb-9eb0-800174adf125"
                          },
                          "type": "Foreach"
                        }
                      },
                      "runAfter": {
                        "Find_People_item_that_matches_current_UniqName_from_CSV": [
                          "Succeeded"
                        ]
                      },
                      "else": {
                        "actions": {
                          "Add_new_member_to_People_list": {
                            "runAfter": {},
                            "metadata": {
                              "operationMetadataId": "1232aa87-d017-4242-9690-28c31d4515a9"
                            },
                            "type": "OpenApiConnection",
                            "inputs": {
                              "host": {
                                "connectionName": "shared_sharepointonline_1",
                                "operationId": "PostItem",
                                "apiId": "/providers/Microsoft.PowerApps/apis/shared_sharepointonline"
                              },
                              "parameters": {
                                "dataset": "@parameters('TrackMaster SharePoint Site Base URL (efdc_TrackMasterSharePointSiteBaseURL)')",
                                "table": "b06a7441-867b-4ddc-9f05-271c46d7e116",
                                "view": "eac2f0a9-fd28-4ae7-8c4a-e59f6a28e036",
                                "item/Title": "@item()",
                                "item/UniqName": "@item()",
                                "item/ContactType/Value": "Customer",
                                "item/CenterMember": true,
                                "item/CenterMembershipJoinDate": "@formatDateTime(utcNow(),'O')",
                                "item/Group_x0020_Membership": [
                                  {
                                    "Id": "@variables('GroupID')"
                                  }
                                ],
                                "item/PrimaryInvestigator": false,
                                "item/StudyTeamMember": false,
                                "item/HasReceivedServices": false,
                                "item/HasAttendedEvents": false,
                                "item/Active": true
                              },
                              "authentication": "@parameters('$authentication')"
                            }
                          }
                        }
                      },
                      "expression": {
                        "equals": [
                          "@empty(outputs('Find_People_item_that_matches_current_UniqName_from_CSV')?['body/value'])",
                          false
                        ]
                      },
                      "metadata": {
                        "operationMetadataId": "dbddfc52-9eb8-42a3-aaf9-9fb0aaaf9447"
                      },
                      "type": "If"
                    }
                  },
                  "runAfter": {},
                  "metadata": {
                    "operationMetadataId": "acf430e6-4be7-4643-8ceb-3621a922f1a6"
                  },
                  "type": "Foreach"
                }
              },
              "runAfter": {
                "Remove_Center_Member_Flag_if_no_longer_in_CSV": [
                  "Succeeded",
                  "Failed",
                  "Skipped",
                  "TimedOut"
                ]
              },
              "metadata": {
                "operationMetadataId": "ad0dd20e-ac4e-4e74-9d47-3e1923b11621"
              },
              "type": "Scope"
            },
            "Remove_Center_Member_Flag_if_no_longer_in_CSV": {
              "actions": {
                "Get_People_currently_marked_as_members": {
                  "runAfter": {},
                  "metadata": {
                    "operationMetadataId": "db7cd30d-1548-45ee-89d7-e4140df39ce0"
                  },
                  "type": "OpenApiConnection",
                  "inputs": {
                    "host": {
                      "connectionName": "shared_sharepointonline_1",
                      "operationId": "GetItems",
                      "apiId": "/providers/Microsoft.PowerApps/apis/shared_sharepointonline"
                    },
                    "parameters": {
                      "dataset": "@parameters('TrackMaster SharePoint Site Base URL (efdc_TrackMasterSharePointSiteBaseURL)')",
                      "table": "b06a7441-867b-4ddc-9f05-271c46d7e116",
                      "$filter": "Active eq 1 and CenterMember eq 1",
                      "$top": 5000,
                      "view": "12ceb84b-d0bc-484d-98ff-cae032130680"
                    },
                    "authentication": "@parameters('$authentication')"
                  }
                },
                "Loop_through_People_currently_marked_as_members": {
                  "foreach": "@outputs('Get_People_currently_marked_as_members')?['body/value']",
                  "actions": {
                    "Check_if_person_is_still_a_member": {
                      "actions": {},
                      "runAfter": {},
                      "else": {
                        "actions": {
                          "Run_a_Child_Flow_-_Remove_Group_from_Person": {
                            "runAfter": {},
                            "metadata": {
                              "operationMetadataId": "a9c3c2cd-7b22-4643-89a4-0ffb206951ee"
                            },
                            "type": "Workflow",
                            "inputs": {
                              "host": {
                                "workflowReferenceName": "523b921a-e658-ee11-be6f-000d3a3af012"
                              },
                              "body": {
                                "number": "@items('Loop_through_People_currently_marked_as_members')?['ID']",
                                "number_1": "@variables('GroupID')"
                              }
                            }
                          }
                        }
                      },
                      "expression": {
                        "contains": [
                          "@variables('CenterMembersArray')",
                          "@items('Loop_through_People_currently_marked_as_members')?['UniqName']"
                        ]
                      },
                      "metadata": {
                        "operationMetadataId": "69dd989c-4d0a-40c9-8610-841e3f6dc499"
                      },
                      "type": "If"
                    }
                  },
                  "runAfter": {
                    "Get_People_currently_marked_as_members": [
                      "Succeeded"
                    ]
                  },
                  "metadata": {
                    "operationMetadataId": "70b09bee-0c7a-4169-902b-a01499bd5904"
                  },
                  "type": "Foreach"
                }
              },
              "runAfter": {
                "Save_CSV_contents_to_CenterMembersArray": [
                  "Succeeded"
                ]
              },
              "metadata": {
                "operationMetadataId": "c0bab455-e395-43c6-8a0b-d72d626e1269"
              },
              "type": "Scope"
            },
            "Clear_tmpGroupList_and_wrap_up_Scope_actions": {
              "runAfter": {
                "Add_Center_Member_Flag_if_found_in_CSV": [
                  "Succeeded",
                  "Failed",
                  "Skipped",
                  "TimedOut"
                ]
              },
              "metadata": {
                "operationMetadataId": "4fa48564-52d7-41b5-bc43-8bffb44a95cd"
              },
              "type": "SetVariable",
              "inputs": {
                "name": "tmpGroupList",
                "value": []
              }
            }
          },
          "runAfter": {
            "Calculate_time_8_hours_ago": [
              "Succeeded"
            ]
          },
          "else": {
            "actions": {
              "Terminate": {
                "runAfter": {},
                "metadata": {
                  "operationMetadataId": "ea6f3d98-a7eb-48e1-8b18-f788a346c547"
                },
                "type": "Terminate",
                "inputs": {
                  "runStatus": "Succeeded"
                }
              }
            }
          },
          "expression": {
            "greater": [
              "@outputs('Get_file_metadata_using_path')?['body/LastModified']",
              "@body('Calculate_time_8_hours_ago')"
            ]
          },
          "metadata": {
            "operationMetadataId": "e2084947-391e-40df-ba07-13f2ecc1a489"
          },
          "type": "If"
        },
        "Initialize_variable_GroupID": {
          "runAfter": {
            "Initialize_variable_CenterMembersArray": [
              "Succeeded"
            ]
          },
          "metadata": {
            "operationMetadataId": "314af7ab-1e81-470c-b1a8-6f1954ac349b"
          },
          "type": "InitializeVariable",
          "inputs": {
            "variables": [
              {
                "name": "GroupID",
                "type": "integer",
                "value": 0
              }
            ]
          }
        },
        "Find_Group_items_configured_with_this_MCommunity_email": {
          "runAfter": {
            "Initialize_variable_tmpGroupList": [
              "Succeeded"
            ]
          },
          "metadata": {
            "operationMetadataId": "28001f46-725c-470e-ba4b-03f53a238dd9"
          },
          "type": "OpenApiConnection",
          "inputs": {
            "host": {
              "connectionName": "shared_sharepointonline_1",
              "operationId": "GetItems",
              "apiId": "/providers/Microsoft.PowerApps/apis/shared_sharepointonline"
            },
            "parameters": {
              "dataset": "@parameters('TrackMaster SharePoint Site Base URL (efdc_TrackMasterSharePointSiteBaseURL)')",
              "table": "ce40c203-443b-415e-8ef7-42e60e264763",
              "$filter": "Active eq 1 and MCommunity_x0020_Group eq '@{parameters('Center Membership Group (efdc_CenterMembershipGroup)')}'",
              "$top": 1,
              "view": "3ec34642-1daa-477a-b351-4e5b027dd331"
            },
            "authentication": "@parameters('$authentication')"
          }
        },
        "Get_ID_from_results_and_save_to_GroupID": {
          "foreach": "@outputs('Find_Group_items_configured_with_this_MCommunity_email')?['body/value']",
          "actions": {
            "Set_variable_GroupID": {
              "runAfter": {},
              "metadata": {
                "operationMetadataId": "b609a1ff-08fb-4da3-b37c-2c3d08ed2e17"
              },
              "type": "SetVariable",
              "inputs": {
                "name": "GroupID",
                "value": "@items('Get_ID_from_results_and_save_to_GroupID')?['ID']"
              }
            }
          },
          "runAfter": {
            "Find_Group_items_configured_with_this_MCommunity_email": [
              "Succeeded"
            ]
          },
          "metadata": {
            "operationMetadataId": "11aebdde-5778-40a0-bad0-aab28bc5454f"
          },
          "type": "Foreach"
        },
        "Initialize_variable_tmpGroupList": {
          "runAfter": {
            "Initialize_variable_GroupID": [
              "Succeeded"
            ]
          },
          "metadata": {
            "operationMetadataId": "a4f35295-0006-4ca6-8a5f-a12808bb9fdb"
          },
          "type": "InitializeVariable",
          "inputs": {
            "variables": [
              {
                "name": "tmpGroupList",
                "type": "array",
                "value": []
              }
            ]
          }
        }
      }
    },
    "templateName": ""
  },
  "schemaVersion": "1.0.0.0"
}