{
  "properties": {
    "connectionReferences": {
      "shared_sharepointonline_1": {
        "runtimeSource": "embedded",
        "connection": {
          "connectionReferenceLogicalName": "efdc_TrackMasterSharePointConnection"
        },
        "api": {
          "name": "shared_sharepointonline"
        }
      }
    },
    "definition": {
      "$schema": "https://schema.management.azure.com/providers/Microsoft.Logic/schemas/2016-06-01/workflowdefinition.json#",
      "contentVersion": "1.0.0.0",
      "parameters": {
        "$connections": {
          "defaultValue": {},
          "type": "Object"
        },
        "$authentication": {
          "defaultValue": {},
          "type": "SecureObject"
        },
        "TrackMaster SharePoint Site Base URL (efdc_TrackMasterSharePointSiteBaseURL)": {
          "defaultValue": "https://umhealth.sharepoint.com/sites/DepressionCenter-TrackMaster",
          "type": "String",
          "metadata": {
            "schemaName": "efdc_TrackMasterSharePointSiteBaseURL",
            "description": "The URL of the TrackMaster site, without a trailing slash and without a page name."
          }
        }
      },
      "triggers": {
        "manual": {
          "metadata": {
            "operationMetadataId": "e88abed1-d7b9-4643-b451-4f78fd2272d8"
          },
          "type": "Request",
          "kind": "Button",
          "inputs": {
            "schema": {
              "type": "object",
              "properties": {
                "number": {
                  "title": "GroupID",
                  "type": "number",
                  "x-ms-dynamically-added": true,
                  "description": "Enter the ID of the group from the Groups List",
                  "x-ms-content-hint": "NUMBER"
                }
              },
              "required": [
                "number"
              ]
            }
          }
        }
      },
      "actions": {
        "Respond_to_a_PowerApp_or_flow": {
          "runAfter": {
            "Try_to_get_email_address_from_SP_or_use_default": [
              "Succeeded",
              "Failed",
              "Skipped",
              "TimedOut"
            ]
          },
          "metadata": {
            "operationMetadataId": "8e810b64-03d6-42bc-a8d7-0cd865d9154f"
          },
          "type": "Response",
          "kind": "PowerApp",
          "inputs": {
            "statusCode": 200,
            "body": {
              "teamleademailaddress": "@variables('TeamEmailAddress')"
            },
            "schema": {
              "type": "object",
              "properties": {
                "teamleademailaddress": {
                  "title": "TeamLeadEmailAddress",
                  "x-ms-dynamically-added": true,
                  "type": "string"
                }
              }
            }
          }
        },
        "Initialize_variable_-_TeamEmailAddress": {
          "runAfter": {
            "Initialize_variable_-_DefaultEmailAddress_to_use_when_no_Lead_address_is_found": [
              "Succeeded"
            ]
          },
          "metadata": {
            "operationMetadataId": "1cc38898-3183-4006-b707-37c1f0ffb98f"
          },
          "type": "InitializeVariable",
          "inputs": {
            "variables": [
              {
                "name": "TeamEmailAddress",
                "type": "string",
                "value": "@variables('DefaultEmailAddress')"
              }
            ]
          }
        },
        "Try_to_get_email_address_from_SP_or_use_default": {
          "actions": {
            "Get_item_from_Groups_List_in_SharePoint": {
              "runAfter": {},
              "metadata": {
                "operationMetadataId": "c4c0a801-0855-4a0f-8b57-8decbbf58291"
              },
              "type": "OpenApiConnection",
              "inputs": {
                "host": {
                  "connectionName": "shared_sharepointonline_1",
                  "operationId": "GetItem",
                  "apiId": "/providers/Microsoft.PowerApps/apis/shared_sharepointonline"
                },
                "parameters": {
                  "dataset": "@parameters('TrackMaster SharePoint Site Base URL (efdc_TrackMasterSharePointSiteBaseURL)')",
                  "table": "ce40c203-443b-415e-8ef7-42e60e264763",
                  "id": "@triggerBody()['number']",
                  "view": "21a8c125-a9e7-4214-9d39-db2771d95e41"
                },
                "authentication": {
                  "type": "Raw",
                  "value": "@json(decodeBase64(triggerOutputs().headers['X-MS-APIM-Tokens']))['$ConnectionKey']"
                }
              }
            },
            "If_call_to_SP_failed,_use_default_address": {
              "runAfter": {
                "Get_item_from_Groups_List_in_SharePoint": [
                  "Failed",
                  "Skipped",
                  "TimedOut"
                ]
              },
              "metadata": {
                "operationMetadataId": "f1bccdfc-b9c6-43bb-9f82-ee346f64b5bc"
              },
              "type": "SetVariable",
              "inputs": {
                "name": "TeamEmailAddress",
                "value": "@variables('DefaultEmailAddress')"
              }
            },
            "Is_Group_Lead_empty": {
              "actions": {
                "Use_default_if_both_team_lead_is_empty": {
                  "runAfter": {},
                  "metadata": {
                    "operationMetadataId": "87db9954-10c7-4537-8bc2-2f036d3507f3"
                  },
                  "type": "SetVariable",
                  "inputs": {
                    "name": "TeamEmailAddress",
                    "value": "@variables('DefaultEmailAddress')"
                  }
                }
              },
              "runAfter": {
                "Get_item_from_Groups_List_in_SharePoint": [
                  "Succeeded"
                ]
              },
              "else": {
                "actions": {
                  "Use_Team_Leads_email": {
                    "runAfter": {},
                    "metadata": {
                      "operationMetadataId": "1a84f645-56c0-44f3-84f3-d1a0f86d95a7"
                    },
                    "type": "SetVariable",
                    "inputs": {
                      "name": "TeamEmailAddress",
                      "value": "@outputs('Get_item_from_Groups_List_in_SharePoint')?['body/Group_x0020_Leader_x003a_Email/Value']"
                    }
                  }
                }
              },
              "expression": {
                "equals": [
                  "@outputs('Get_item_from_Groups_List_in_SharePoint')?['body/Group_x0020_Leader/Id']",
                  null
                ]
              },
              "metadata": {
                "operationMetadataId": "d72acf92-20e5-4638-966b-2fc22855630e"
              },
              "type": "If"
            }
          },
          "runAfter": {
            "Initialize_variable_-_TeamEmailAddress": [
              "Succeeded"
            ]
          },
          "metadata": {
            "operationMetadataId": "5a67ce20-c764-4f5b-94ff-36c3e166045a"
          },
          "type": "Scope"
        },
        "Initialize_variable_-_DefaultEmailAddress_to_use_when_no_Lead_address_is_found": {
          "runAfter": {},
          "metadata": {
            "operationMetadataId": "d1ba1c21-c714-4153-ab49-3118afb69917"
          },
          "type": "InitializeVariable",
          "inputs": {
            "variables": [
              {
                "name": "DefaultEmailAddress",
                "type": "string"
              }
            ]
          }
        }
      }
    },
    "templateName": ""
  },
  "schemaVersion": "1.0.0.0"
}