{
  "properties": {
    "connectionReferences": {
      "shared_sharepointonline_1": {
        "runtimeSource": "embedded",
        "connection": {
          "connectionReferenceLogicalName": "efdc_TrackMasterSharePointConnection"
        },
        "api": {
          "name": "shared_sharepointonline"
        }
      },
      "shared_sendmail": {
        "runtimeSource": "embedded",
        "connection": {
          "connectionReferenceLogicalName": "efdc_sharedsendmail_0e7a0"
        },
        "api": {
          "name": "shared_sendmail"
        }
      }
    },
    "definition": {
      "$schema": "https://schema.management.azure.com/providers/Microsoft.Logic/schemas/2016-06-01/workflowdefinition.json#",
      "contentVersion": "1.0.0.0",
      "parameters": {
        "$connections": {
          "defaultValue": {},
          "type": "Object"
        },
        "$authentication": {
          "defaultValue": {},
          "type": "SecureObject"
        },
        "TrackMaster SharePoint Site Base URL (efdc_TrackMasterSharePointSiteBaseURL)": {
          "defaultValue": "https://umhealth.sharepoint.com/sites/DepressionCenter-TrackMaster",
          "type": "String",
          "metadata": {
            "schemaName": "efdc_TrackMasterSharePointSiteBaseURL",
            "description": "The URL of the TrackMaster site, without a trailing slash and without a page name."
          }
        }
      },
      "triggers": {
        "When_an_item_is_created_or_modified": {
          "recurrence": {
            "interval": 5,
            "frequency": "Minute"
          },
          "splitOn": "@triggerOutputs()?['body/value']",
          "metadata": {
            "operationMetadataId": "38e78998-7d18-46d3-8300-e7857b488174"
          },
          "type": "OpenApiConnection",
          "inputs": {
            "host": {
              "connectionName": "shared_sharepointonline_1",
              "operationId": "GetOnUpdatedItems",
              "apiId": "/providers/Microsoft.PowerApps/apis/shared_sharepointonline"
            },
            "parameters": {
              "dataset": "@parameters('TrackMaster SharePoint Site Base URL (efdc_TrackMasterSharePointSiteBaseURL)')",
              "table": "a39d9bea-815d-4381-bf5e-97d5f3ce6921",
              "view": "9fcfefe3-536c-49cd-a57c-204eaab3cf39"
            },
            "authentication": "@parameters('$authentication')"
          }
        }
      },
      "actions": {
        "Get_changes_for_an_item_or_a_file_(properties_only)": {
          "runAfter": {},
          "metadata": {
            "operationMetadataId": "a8bbcb27-fae9-4de5-8d07-75cb1cc706a9"
          },
          "type": "OpenApiConnection",
          "inputs": {
            "host": {
              "connectionName": "shared_sharepointonline_1",
              "operationId": "GetItemChanges",
              "apiId": "/providers/Microsoft.PowerApps/apis/shared_sharepointonline"
            },
            "parameters": {
              "dataset": "@parameters('TrackMaster SharePoint Site Base URL (efdc_TrackMasterSharePointSiteBaseURL)')",
              "table": "a39d9bea-815d-4381-bf5e-97d5f3ce6921",
              "id": "@triggerOutputs()?['body/ID']",
              "since": "@max(1,add(int(triggerOutputs()?['body/{VersionNumber}']),-1))",
              "until": "@int(triggerOutputs()?['body/{VersionNumber}'])",
              "includeDrafts": false
            },
            "authentication": "@parameters('$authentication')"
          }
        },
        "Did_Referred_To_or_Assignee_fields_change_or_is_this_a_new_entry": {
          "actions": {
            "Check_if_assignee_is_blank": {
              "actions": {
                "Run_a_Child_Flow_-_Get_Team_Email": {
                  "runAfter": {},
                  "metadata": {
                    "operationMetadataId": "c0bc98e8-45f6-4a88-bf29-d9ecd686cb01"
                  },
                  "type": "Workflow",
                  "inputs": {
                    "host": {
                      "workflowReferenceName": "5274a46b-a54d-ee11-be6e-000d3a3af012"
                    },
                    "body": {
                      "number": "@triggerOutputs()?['body/ReferredToTeam/Id']"
                    }
                  }
                },
                "Send_an_email_notification_to_the_Team": {
                  "runAfter": {
                    "Run_a_Child_Flow_-_Get_Lead_Email": [
                      "Succeeded"
                    ]
                  },
                  "metadata": {
                    "operationMetadataId": "f0931cab-e201-40c8-8fae-fef97dd126af"
                  },
                  "type": "OpenApiConnection",
                  "inputs": {
                    "host": {
                      "connectionName": "shared_sendmail",
                      "operationId": "SendEmailV3",
                      "apiId": "/providers/Microsoft.PowerApps/apis/shared_sendmail"
                    },
                    "parameters": {
                      "request/to": "@{body('Run_a_Child_Flow_-_Get_Team_Email')?['teamemailaddress']}; @{body('Run_a_Child_Flow_-_Get_Lead_Email')?['teamleademailaddress']};",
                      "request/subject": "New Referral in TrackMaster",
                      "request/text": "<p>&nbsp;</p>\n<p>Hello @{triggerOutputs()?['body/ReferredToTeam/Value']} team members!</p>\n<p>A referral has been made to your team in TrackMaster.<br />\nPlease review the referral and assign it to the appropriate team member.<br>\n</strong><a href=\"@{triggerOutputs()?['body/{Link}']}\" alt=\"View Referral\" title=\"View Referral\">&gt;&gt;&nbsp;View Referral&nbsp;&lt;&lt;</a></strong><br />\n</p>\n\n<p>&nbsp;</p>\n\n<hr />\n<p>\n<strong>Referred By:</strong><br />\n@{triggerOutputs()?['body/ReferredByTeam/Value']}<br /><br />\n<strong>Referred To:</strong><br />\n@{triggerOutputs()?['body/ReferredToTeam/Value']}<br /><br />\n<strong>Client:</strong><br />\n@{triggerOutputs()?['body/Client/Value']}<br />\n<i>@{triggerOutputs()?['body/Client_x003a_Job_x0020_Title/Value']}</i>\n<br /><br />\n<strong>Purpose:</strong><br />\n@{triggerOutputs()?['body/Title']}<br /><br />\n<strong>Notes:</strong><br />\n@{triggerOutputs()?['body/Notes']}\n</p>\n<hr />\n\n<p>&nbsp;</p>\n\n<p>\n</strong><a href=\"@{triggerOutputs()?['body/{Link}']}\" alt=\"View Referral\" title=\"View Referral\">&gt;&gt;&nbsp;View Referral&nbsp;&lt;&lt;</a></strong>\n</p>\n<p>&nbsp;</p>\n<p><br />\n- TrackMaster</p>"
                    },
                    "authentication": "@parameters('$authentication')"
                  }
                },
                "Run_a_Child_Flow_-_Get_Lead_Email": {
                  "runAfter": {
                    "Run_a_Child_Flow_-_Get_Team_Email": [
                      "Succeeded"
                    ]
                  },
                  "metadata": {
                    "operationMetadataId": "a546d949-d2b1-44d2-a441-497d9c7fce04"
                  },
                  "type": "Workflow",
                  "inputs": {
                    "host": {
                      "workflowReferenceName": "7d672c3c-d24d-ee11-be6e-000d3a3af012"
                    },
                    "body": {
                      "number": "@triggerOutputs()?['body/ReferredToTeam/Id']"
                    }
                  }
                }
              },
              "runAfter": {},
              "else": {
                "actions": {
                  "Send_an_email_notification_to_assignee_only": {
                    "runAfter": {},
                    "metadata": {
                      "operationMetadataId": "8c95627a-7cfd-4733-a42d-a0dbceeddb85"
                    },
                    "type": "OpenApiConnection",
                    "inputs": {
                      "host": {
                        "connectionName": "shared_sendmail",
                        "operationId": "SendEmailV3",
                        "apiId": "/providers/Microsoft.PowerApps/apis/shared_sendmail"
                      },
                      "parameters": {
                        "request/to": "@{triggerOutputs()?['body/Assignee/Email']};",
                        "request/subject": "You have been assigned to a Referral in TrackMaster!",
                        "request/text": "<p>&nbsp;</p>\n<p>Hello @{trim(split(triggerOutputs()?['body/Assignee/DisplayName'], ',')[sub(length(split(triggerOutputs()?['body/Assignee/DisplayName'], ',')), 1)])}!</p>\n<p>A Referral has been assigned to you in TrackMaster. Please review it here:<br />\n</strong><a href=\"@{triggerOutputs()?['body/{Link}']}\" alt=\"View Referral\" title=\"View Referral\">&gt;&gt;&nbsp;View Referral&nbsp;&lt;&lt;</a></strong><br />\n</p>\n\n<p>&nbsp;</p>\n\n<hr />\n<p>\n<strong>Referred By:</strong><br />\n@{triggerOutputs()?['body/ReferredByTeam/Value']}<br /><br />\n<strong>Referred To:</strong><br />\n@{triggerOutputs()?['body/ReferredToTeam/Value']}<br /><br />\n<strong>Client:</strong><br />\n@{triggerOutputs()?['body/Client/Value']}<br />\n<i>@{triggerOutputs()?['body/Client_x003a_Job_x0020_Title/Value']}</i>\n<br /><br />\n<strong>Purpose:</strong><br />\n@{triggerOutputs()?['body/Title']}<br /><br />\n<strong>Notes:</strong><br />\n@{triggerOutputs()?['body/Notes']}\n</p>\n<hr />\n\n<p>&nbsp;</p>\n\n<p>\n</strong><a href=\"@{triggerOutputs()?['body/{Link}']}\" alt=\"View Referral\" title=\"View Referral\">&gt;&gt;&nbsp;View Referral&nbsp;&lt;&lt;</a></strong>\n</p>\n<p>&nbsp;</p>\n<p><br />\n- TrackMaster</p>"
                      },
                      "authentication": "@parameters('$authentication')"
                    }
                  }
                }
              },
              "expression": {
                "equals": [
                  "@triggerOutputs()?['body/Assignee/Email']",
                  null
                ]
              },
              "metadata": {
                "operationMetadataId": "392f93d8-8b4f-45e6-b2c6-0372641e1d13"
              },
              "type": "If"
            }
          },
          "runAfter": {
            "Get_changes_for_an_item_or_a_file_(properties_only)": [
              "Succeeded"
            ]
          },
          "expression": {
            "or": [
              {
                "equals": [
                  "@outputs('Get_changes_for_an_item_or_a_file_(properties_only)')?['body/ColumnHasChanged/ReferredToTeam']",
                  true
                ]
              },
              {
                "equals": [
                  "@outputs('Get_changes_for_an_item_or_a_file_(properties_only)')?['body/ColumnHasChanged/Assignee']",
                  true
                ]
              },
              {
                "equals": [
                  "@max(1,add(int(triggerOutputs()?['body/{VersionNumber}']),-1))",
                  1
                ]
              }
            ]
          },
          "metadata": {
            "operationMetadataId": "cc48a768-52ea-43e7-8339-d79608972867"
          },
          "type": "If"
        }
      },
      "outputs": {}
    },
    "templateName": ""
  },
  "schemaVersion": "1.0.0.0"
}