{
  "properties": {
    "connectionReferences": {
      "shared_sharepointonline_1": {
        "runtimeSource": "embedded",
        "connection": {
          "connectionReferenceLogicalName": "efdc_TrackMasterSharePointConnection"
        },
        "api": {
          "name": "shared_sharepointonline"
        }
      }
    },
    "definition": {
      "$schema": "https://schema.management.azure.com/providers/Microsoft.Logic/schemas/2016-06-01/workflowdefinition.json#",
      "contentVersion": "1.0.0.0",
      "parameters": {
        "$connections": {
          "defaultValue": {},
          "type": "Object"
        },
        "$authentication": {
          "defaultValue": {},
          "type": "SecureObject"
        },
        "TrackMaster SharePoint Site Base URL (efdc_TrackMasterSharePointSiteBaseURL)": {
          "defaultValue": "https://umhealth.sharepoint.com/sites/DepressionCenter-TrackMaster",
          "type": "String",
          "metadata": {
            "schemaName": "efdc_TrackMasterSharePointSiteBaseURL",
            "description": "The URL of the TrackMaster site, without a trailing slash and without a page name."
          }
        }
      },
      "triggers": {
        "manual": {
          "metadata": {
            "operationMetadataId": "d521dfe8-ec2d-487f-a5cb-c3b0138ac9f7"
          },
          "type": "Request",
          "kind": "Button",
          "inputs": {
            "schema": {
              "type": "object",
              "properties": {
                "email": {
                  "title": "MCommunity Group Email",
                  "type": "string",
                  "format": "email",
                  "x-ms-dynamically-added": true,
                  "description": "Enter the MCommunity Group name (email address) you want to lookup.",
                  "x-ms-content-hint": "EMAIL"
                },
                "number": {
                  "title": "Max File Age in Hours",
                  "type": "number",
                  "x-ms-dynamically-added": true,
                  "description": "Only process the CSV file if it was changed since X hours ago.",
                  "x-ms-content-hint": "NUMBER"
                }
              },
              "required": [
                "email",
                "number"
              ]
            }
          }
        }
      },
      "actions": {
        "Initialize_variable_MCommunityGroupFileName": {
          "runAfter": {},
          "metadata": {
            "operationMetadataId": "d7defbb9-5a51-421a-9572-171e56911c15"
          },
          "type": "InitializeVariable",
          "inputs": {
            "variables": [
              {
                "name": "MCommunityGroupFileName",
                "type": "string",
                "value": "@{replace( string( triggerBody()['email'] ) , '@umich.edu', '.csv')}"
              }
            ]
          }
        },
        "Initialize_variable_GroupMembersArray": {
          "runAfter": {
            "Initialize_variable_MCommunityGroupFileName": [
              "Succeeded"
            ]
          },
          "metadata": {
            "operationMetadataId": "eb9435e1-ce05-4f58-b089-5255a6eb2ddf"
          },
          "type": "InitializeVariable",
          "inputs": {
            "variables": [
              {
                "name": "GroupMembersArray",
                "type": "array",
                "value": []
              }
            ]
          }
        },
        "Initialize_variable_GroupID": {
          "runAfter": {
            "Initialize_variable_GroupMembersArray": [
              "Succeeded"
            ]
          },
          "metadata": {
            "operationMetadataId": "314af7ab-1e81-470c-b1a8-6f1954ac349b"
          },
          "type": "InitializeVariable",
          "inputs": {
            "variables": [
              {
                "name": "GroupID",
                "type": "integer",
                "value": 0
              }
            ]
          }
        },
        "Initialize_variable_tmpGroupList": {
          "runAfter": {
            "Initialize_variable_PeopleGroupMembersArray": [
              "Succeeded"
            ]
          },
          "metadata": {
            "operationMetadataId": "a4f35295-0006-4ca6-8a5f-a12808bb9fdb"
          },
          "type": "InitializeVariable",
          "inputs": {
            "variables": [
              {
                "name": "tmpGroupList",
                "type": "array",
                "value": []
              }
            ]
          }
        },
        "Find_Group_items_configured_with_this_MCommunity_email": {
          "runAfter": {
            "Initialize_variable_WasFileProcessed": [
              "Succeeded"
            ]
          },
          "metadata": {
            "operationMetadataId": "28001f46-725c-470e-ba4b-03f53a238dd9"
          },
          "type": "OpenApiConnection",
          "inputs": {
            "host": {
              "apiId": "/providers/Microsoft.PowerApps/apis/shared_sharepointonline",
              "connectionName": "shared_sharepointonline_1",
              "operationId": "GetItems"
            },
            "parameters": {
              "dataset": "@parameters('TrackMaster SharePoint Site Base URL (efdc_TrackMasterSharePointSiteBaseURL)')",
              "table": "ce40c203-443b-415e-8ef7-42e60e264763",
              "$filter": "Active eq 1 and MCommunity_x0020_Group eq '@{triggerBody()['email']}'",
              "$top": 1,
              "view": "3ec34642-1daa-477a-b351-4e5b027dd331"
            },
            "authentication": "@parameters('$authentication')"
          }
        },
        "Get_ID_from_results_and_save_to_GroupID": {
          "foreach": "@outputs('Find_Group_items_configured_with_this_MCommunity_email')?['body/value']",
          "actions": {
            "Set_variable_GroupID": {
              "runAfter": {},
              "metadata": {
                "operationMetadataId": "b609a1ff-08fb-4da3-b37c-2c3d08ed2e17"
              },
              "type": "SetVariable",
              "inputs": {
                "name": "GroupID",
                "value": "@items('Get_ID_from_results_and_save_to_GroupID')?['ID']"
              }
            }
          },
          "runAfter": {
            "Find_Group_items_configured_with_this_MCommunity_email": [
              "Succeeded"
            ]
          },
          "metadata": {
            "operationMetadataId": "11aebdde-5778-40a0-bad0-aab28bc5454f"
          },
          "type": "Foreach"
        },
        "Get_MCommunity_membership_data_file_only_if_modified_since_last_scheduled_run": {
          "runAfter": {
            "Get_ID_from_results_and_save_to_GroupID": [
              "Succeeded"
            ]
          },
          "metadata": {
            "operationMetadataId": "4acf108e-ec86-4812-8496-9cdd8e8a1a6b"
          },
          "type": "OpenApiConnection",
          "inputs": {
            "host": {
              "apiId": "/providers/Microsoft.PowerApps/apis/shared_sharepointonline",
              "connectionName": "shared_sharepointonline_1",
              "operationId": "GetFileItems"
            },
            "parameters": {
              "dataset": "@parameters('TrackMaster SharePoint Site Base URL (efdc_TrackMasterSharePointSiteBaseURL)')",
              "table": "91f9a71f-f94c-4ec7-9ddd-108116bc5035",
              "folderPath": "/Shared Documents/data/MCommunityGroupMembers",
              "viewScopeOption": "RecursiveAll",
              "$filter": "File_x0020_Type eq 'csv' and FileLeafRef eq '@{variables('MCommunityGroupFileName')}' and Modified gt '@{addHours(utcNow(), -7)}'",
              "$top": 1,
              "view": "7c6e9a9b-f6f3-418a-b38b-1ee231322b49"
            },
            "authentication": "@parameters('$authentication')"
          }
        },
        "Get_file_metadata_using_path": {
          "runAfter": {
            "Get_MCommunity_membership_data_file_only_if_modified_since_last_scheduled_run": [
              "Succeeded"
            ]
          },
          "metadata": {
            "operationMetadataId": "ef280f46-9bc9-443b-9440-fb457cc23710"
          },
          "type": "OpenApiConnection",
          "inputs": {
            "host": {
              "apiId": "/providers/Microsoft.PowerApps/apis/shared_sharepointonline",
              "connectionName": "shared_sharepointonline_1",
              "operationId": "GetFileMetadataByPath"
            },
            "parameters": {
              "dataset": "@parameters('TrackMaster SharePoint Site Base URL (efdc_TrackMasterSharePointSiteBaseURL)')",
              "path": "/Shared Documents/data/MCommunityGroupMembers/@{variables('MCommunityGroupFileName')}"
            },
            "authentication": "@parameters('$authentication')"
          }
        },
        "Calculate_time_X_hours_ago": {
          "runAfter": {
            "Get_file_metadata_using_path": [
              "Succeeded"
            ]
          },
          "metadata": {
            "operationMetadataId": "c6275e26-ece7-4259-a8e4-aaf0171b13b6"
          },
          "type": "Expression",
          "kind": "GetPastTime",
          "inputs": {
            "interval": "@int(triggerBody()['number'])",
            "timeUnit": "Hour"
          }
        },
        "Check_if_MCommunity_CSV_file_was_modified_since_last_run_or_exit_otherwise": {
          "actions": {
            "Run_a_Child_Flow_-_Get_Group_Members_from_CSV": {
              "runAfter": {},
              "limit": {
                "timeout": "P0DT2M"
              },
              "metadata": {
                "operationMetadataId": "62745e7c-74f1-4109-af8a-90cf4ef28db3"
              },
              "type": "Workflow",
              "inputs": {
                "host": {
                  "workflowReferenceName": "8b78c81c-4d32-ee11-bdf3-000d3a3af012"
                },
                "body": {
                  "email": "@triggerBody()['email']"
                }
              }
            },
            "Save_CSV_contents_to_GroupMembersArray": {
              "runAfter": {
                "Set_variable_GroupID_using_value_returned_from_child_flow": [
                  "Succeeded"
                ]
              },
              "metadata": {
                "operationMetadataId": "c316cbc8-2f12-464d-b676-038451535fc2"
              },
              "type": "SetVariable",
              "inputs": {
                "name": "GroupMembersArray",
                "value": "@split(outputs('Run_a_Child_Flow_-_Get_Group_Members_from_CSV')?['Body']?['uniqnames'], ',')"
              }
            },
            "Add_group_membership_if_found_in_CSV": {
              "actions": {
                "Filter_CSV_array_based_on_People_array": {
                  "runAfter": {},
                  "metadata": {
                    "operationMetadataId": "06f819a3-1481-433d-99be-0f241ba509e2"
                  },
                  "type": "Query",
                  "inputs": {
                    "from": "@variables('GroupMembersArray')",
                    "where": "@not(contains(variables('PeopleGroupMembersArray'), item()))"
                  }
                },
                "Apply_to_each_remaining_CSV_array_items": {
                  "foreach": "@body('Filter_CSV_array_based_on_People_array')",
                  "actions": {
                    "Find_People_item_that_matches_current_UniqName_from_filtered_CSV_array": {
                      "runAfter": {},
                      "metadata": {
                        "operationMetadataId": "59f5683b-5317-44af-b382-70e40a339b9c"
                      },
                      "type": "OpenApiConnection",
                      "inputs": {
                        "host": {
                          "apiId": "/providers/Microsoft.PowerApps/apis/shared_sharepointonline",
                          "connectionName": "shared_sharepointonline_1",
                          "operationId": "GetItems"
                        },
                        "parameters": {
                          "dataset": "@parameters('TrackMaster SharePoint Site Base URL (efdc_TrackMasterSharePointSiteBaseURL)')",
                          "table": "b06a7441-867b-4ddc-9f05-271c46d7e116",
                          "$filter": "UniqName eq '@{item()}'",
                          "$top": 1,
                          "view": "12ceb84b-d0bc-484d-98ff-cae032130680"
                        },
                        "authentication": "@parameters('$authentication')"
                      }
                    },
                    "If_user_does_not_exist_in_People_list_then_create_it_first": {
                      "actions": {
                        "Add_new_user_to_People_list": {
                          "runAfter": {},
                          "metadata": {
                            "operationMetadataId": "1232aa87-d017-4242-9690-28c31d4515a9"
                          },
                          "type": "OpenApiConnection",
                          "inputs": {
                            "host": {
                              "apiId": "/providers/Microsoft.PowerApps/apis/shared_sharepointonline",
                              "connectionName": "shared_sharepointonline_1",
                              "operationId": "PostItem"
                            },
                            "parameters": {
                              "dataset": "@parameters('TrackMaster SharePoint Site Base URL (efdc_TrackMasterSharePointSiteBaseURL)')",
                              "table": "b06a7441-867b-4ddc-9f05-271c46d7e116",
                              "view": "eac2f0a9-fd28-4ae7-8c4a-e59f6a28e036",
                              "item/Title": "@item()",
                              "item/UniqName": "@item()",
                              "item/Notes": "This entry was created by Power Automate during an MCommunity group sync.",
                              "item/CenterMembershipJoinDate": "@formatDateTime(utcNow(), 'O')",
                              "item/Group_x0020_Membership": [
                                {
                                  "Id": "@variables('GroupID')"
                                }
                              ],
                              "item/PrimaryInvestigator": false,
                              "item/StudyTeamMember": false,
                              "item/HasReceivedServices": false,
                              "item/HasAttendedEvents": false,
                              "item/Active": true
                            },
                            "authentication": "@parameters('$authentication')"
                          }
                        },
                        "Set_variable_tmpCurrentPeopleID_to_new_PeopleID": {
                          "runAfter": {
                            "Add_new_user_to_People_list": [
                              "Succeeded"
                            ]
                          },
                          "metadata": {
                            "operationMetadataId": "eb9c8153-9ada-4e21-9156-c4af068a636c"
                          },
                          "type": "SetVariable",
                          "inputs": {
                            "name": "tmpCurrentPeopleID",
                            "value": "@outputs('Add_new_user_to_People_list')?['body/ID']"
                          }
                        }
                      },
                      "runAfter": {
                        "Find_People_item_that_matches_current_UniqName_from_filtered_CSV_array": [
                          "Succeeded"
                        ]
                      },
                      "else": {
                        "actions": {
                          "Apply_to_each_person_found_in_CSV_which_should_be_only_one": {
                            "foreach": "@outputs('Find_People_item_that_matches_current_UniqName_from_filtered_CSV_array')?['body/value']",
                            "actions": {
                              "Set_variable_tmpCurrentPeopleID_to_existing_PeopleID": {
                                "runAfter": {},
                                "metadata": {
                                  "operationMetadataId": "3760d1f2-a521-44a1-bc1c-7174eeb6ae7b"
                                },
                                "type": "SetVariable",
                                "inputs": {
                                  "name": "tmpCurrentPeopleID",
                                  "value": "@items('Apply_to_each_person_found_in_CSV_which_should_be_only_one')?['ID']"
                                }
                              }
                            },
                            "runAfter": {},
                            "metadata": {
                              "operationMetadataId": "31d8e5dd-80cd-4ae6-804c-d1a21ea59a9c"
                            },
                            "type": "Foreach"
                          }
                        }
                      },
                      "expression": {
                        "equals": [
                          "@empty(outputs('Find_People_item_that_matches_current_UniqName_from_filtered_CSV_array')?['body/value'])",
                          true
                        ]
                      },
                      "metadata": {
                        "operationMetadataId": "1c270f72-65c4-4a9f-9a6e-9e6a104167e7"
                      },
                      "type": "If"
                    },
                    "DEBUG_-_call_child_flow_here": {
                      "runAfter": {
                        "If_user_does_not_exist_in_People_list_then_create_it_first": [
                          "Succeeded"
                        ]
                      },
                      "metadata": {
                        "operationMetadataId": "980e2e55-ec07-404f-86a8-deb4f167ac5d"
                      },
                      "type": "Compose",
                      "inputs": "DEBUG - using People ID: @{variables('tmpCurrentPeopleID')}"
                    },
                    "Reset_tmpCurrentPeopleID_after_adding_group": {
                      "runAfter": {
                        "Run_a_Child_Flow_-_Add_Group_to_Person": [
                          "Succeeded",
                          "Failed",
                          "Skipped",
                          "TimedOut"
                        ]
                      },
                      "metadata": {
                        "operationMetadataId": "7a9c4f04-b1e6-4216-8f3d-8b2013e1cefb"
                      },
                      "type": "SetVariable",
                      "inputs": {
                        "name": "tmpCurrentPeopleID",
                        "value": 0
                      }
                    },
                    "Run_a_Child_Flow_-_Add_Group_to_Person": {
                      "runAfter": {
                        "DEBUG_-_call_child_flow_here": [
                          "Succeeded"
                        ]
                      },
                      "metadata": {
                        "operationMetadataId": "dea3c2b7-5f71-47f3-871f-849796a5b512"
                      },
                      "type": "Workflow",
                      "inputs": {
                        "host": {
                          "workflowReferenceName": "99553e8e-2853-ee11-be6f-000d3a3af012"
                        },
                        "body": {
                          "number": "@variables('tmpCurrentPeopleID')",
                          "number_1": "@variables('GroupID')"
                        }
                      }
                    }
                  },
                  "runAfter": {
                    "Filter_CSV_array_based_on_People_array": [
                      "Succeeded"
                    ]
                  },
                  "metadata": {
                    "operationMetadataId": "7d22ac7d-acb8-4c62-be71-c8bd9c846f0d"
                  },
                  "type": "Foreach"
                }
              },
              "runAfter": {
                "Remove_group_membership_if_no_longer_in_CSV": [
                  "Succeeded",
                  "Failed",
                  "Skipped",
                  "TimedOut"
                ]
              },
              "metadata": {
                "operationMetadataId": "ad0dd20e-ac4e-4e74-9d47-3e1923b11621"
              },
              "type": "Scope"
            },
            "Remove_group_membership_if_no_longer_in_CSV": {
              "actions": {
                "Filter_People_membership_array_based_on_CSV_array": {
                  "runAfter": {},
                  "metadata": {
                    "operationMetadataId": "6d784a1a-605f-4ad7-8f3d-8b7f526afb9e"
                  },
                  "type": "Query",
                  "inputs": {
                    "from": "@variables('tmpPeopleUniqNameMap')",
                    "where": "@not(contains(variables('GroupMembersArray'), item()?['UniqName']))"
                  }
                },
                "Apply_to_each_remaining_People_array_item": {
                  "foreach": "@body('Filter_People_membership_array_based_on_CSV_array')",
                  "actions": {
                    "Set_variable_tmpCurrentPeopleID": {
                      "runAfter": {},
                      "metadata": {
                        "operationMetadataId": "6e645d10-1d64-4bb3-a234-94dec22e774a"
                      },
                      "type": "SetVariable",
                      "inputs": {
                        "name": "tmpCurrentPeopleID",
                        "value": "@item()?['ID']"
                      }
                    },
                    "Run_a_Child_Flow_-_Remove_Group_from_Person": {
                      "runAfter": {
                        "Set_variable_tmpCurrentPeopleID": [
                          "Succeeded"
                        ]
                      },
                      "metadata": {
                        "operationMetadataId": "a8b0175c-1051-4363-a0c7-f1616b0f9827"
                      },
                      "type": "Workflow",
                      "inputs": {
                        "host": {
                          "workflowReferenceName": "523b921a-e658-ee11-be6f-000d3a3af012"
                        },
                        "body": {
                          "number": "@variables('tmpCurrentPeopleID')",
                          "number_1": "@variables('GroupID')"
                        }
                      }
                    },
                    "Reset_tmpCurrentPeopleID_after_removing_group": {
                      "runAfter": {
                        "Run_a_Child_Flow_-_Remove_Group_from_Person": [
                          "Succeeded",
                          "Failed",
                          "Skipped",
                          "TimedOut"
                        ]
                      },
                      "metadata": {
                        "operationMetadataId": "7a9c4f04-b1e6-4216-8f3d-8b2013e1cefb"
                      },
                      "type": "SetVariable",
                      "inputs": {
                        "name": "tmpCurrentPeopleID",
                        "value": 0
                      }
                    }
                  },
                  "runAfter": {
                    "Filter_People_membership_array_based_on_CSV_array": [
                      "Succeeded"
                    ]
                  },
                  "metadata": {
                    "operationMetadataId": "ab63a4f5-2494-4c30-814b-4962a75c3a28"
                  },
                  "type": "Foreach"
                }
              },
              "runAfter": {
                "Save_CSV_contents_to_tmpPeopleUniqNameMap_object_array": [
                  "Succeeded"
                ]
              },
              "metadata": {
                "operationMetadataId": "c0bab455-e395-43c6-8a0b-d72d626e1269"
              },
              "type": "Scope"
            },
            "Clear_tmpGroupList_and_wrap_up_Scope_actions": {
              "runAfter": {
                "Add_group_membership_if_found_in_CSV": [
                  "Succeeded",
                  "Failed",
                  "Skipped",
                  "TimedOut"
                ]
              },
              "metadata": {
                "operationMetadataId": "4fa48564-52d7-41b5-bc43-8bffb44a95cd"
              },
              "type": "SetVariable",
              "inputs": {
                "name": "tmpGroupList",
                "value": []
              }
            },
            "Set_variable_GroupID_using_value_returned_from_child_flow": {
              "runAfter": {
                "Set_WasFileProcessed_to_true_if_child_flow_succeeds": [
                  "Succeeded"
                ]
              },
              "metadata": {
                "operationMetadataId": "3ffa15ab-df68-431e-bd1d-2406082af273"
              },
              "type": "SetVariable",
              "inputs": {
                "name": "GroupID",
                "value": "@int(outputs('Run_a_Child_Flow_-_Get_Group_Members_from_CSV')?['Body']?['groupid'])"
              }
            },
            "Run_a_Child_Flow_-_Get_Group_Members_from_People_list": {
              "runAfter": {
                "Save_CSV_contents_to_GroupMembersArray": [
                  "Succeeded"
                ]
              },
              "limit": {
                "timeout": "P0DT5M"
              },
              "metadata": {
                "operationMetadataId": "f3ef73d1-86a6-4f12-a270-7d844f2f72b2"
              },
              "type": "Workflow",
              "inputs": {
                "host": {
                  "workflowReferenceName": "a2e38d58-1832-ee11-bdf3-000d3a3af012"
                },
                "body": {
                  "number": "@variables('GroupID')"
                }
              }
            },
            "Save_CSV_contents_to_PeopleGroupMembersArray": {
              "runAfter": {
                "Run_a_Child_Flow_-_Get_Group_Members_from_People_list": [
                  "Succeeded"
                ]
              },
              "metadata": {
                "operationMetadataId": "c316cbc8-2f12-464d-b676-038451535fc2"
              },
              "type": "SetVariable",
              "inputs": {
                "name": "PeopleGroupMembersArray",
                "value": "@split(outputs('Run_a_Child_Flow_-_Get_Group_Members_from_People_list')?['Body']?['uniqnames'],',')"
              }
            },
            "Set_WasFileProcessed_to_true_if_child_flow_succeeds": {
              "runAfter": {
                "Run_a_Child_Flow_-_Get_Group_Members_from_CSV": [
                  "Succeeded"
                ]
              },
              "metadata": {
                "operationMetadataId": "488c9d93-0f72-4098-990a-a105430f1365"
              },
              "type": "SetVariable",
              "inputs": {
                "name": "WasFileProcessed",
                "value": true
              }
            },
            "Set_WasFileProcessed_to_false_if_child_flow_fails": {
              "runAfter": {
                "Run_a_Child_Flow_-_Get_Group_Members_from_CSV": [
                  "Failed",
                  "Skipped",
                  "TimedOut"
                ]
              },
              "metadata": {
                "operationMetadataId": "9b5d2ca3-799f-4597-800b-aa9d4a78b43a"
              },
              "type": "SetVariable",
              "inputs": {
                "name": "WasFileProcessed",
                "value": false
              }
            },
            "Wrap_up_parallel_branch": {
              "runAfter": {
                "Set_WasFileProcessed_to_false_if_child_flow_fails": [
                  "Succeeded",
                  "Failed",
                  "Skipped",
                  "TimedOut"
                ],
                "Clear_tmpGroupList_and_wrap_up_Scope_actions": [
                  "Succeeded",
                  "TimedOut",
                  "Skipped",
                  "Failed"
                ]
              },
              "metadata": {
                "operationMetadataId": "a391b246-8b78-492c-81b2-65c26f9c576e"
              },
              "type": "Compose",
              "inputs": "."
            },
            "Parse_Member_Map": {
              "runAfter": {
                "Save_CSV_contents_to_PeopleGroupMembersArray": [
                  "Succeeded"
                ]
              },
              "metadata": {
                "operationMetadataId": "2b6f5f51-461c-48f8-9342-069daac31706"
              },
              "type": "Compose",
              "inputs": "@replace(replace(replace(outputs('Run_a_Child_Flow_-_Get_Group_Members_from_People_list')?['Body']?['membermap'], '\"', ''), 'UniqName:', 'UniqName:\"'), '}', '\"}')"
            },
            "Parse_Member_Map_JSON": {
              "runAfter": {
                "Parse_Member_Map": [
                  "Succeeded"
                ]
              },
              "metadata": {
                "operationMetadataId": "02c358e2-647b-4b1f-891f-121ed6886be8"
              },
              "type": "ParseJson",
              "inputs": {
                "content": "@outputs('Parse_Member_Map')",
                "schema": {
                  "type": "array",
                  "items": {
                    "type": "object",
                    "properties": {
                      "ID": {
                        "type": "integer"
                      },
                      "UniqName": {
                        "type": "string"
                      }
                    },
                    "required": [
                      "ID",
                      "UniqName"
                    ]
                  }
                }
              }
            },
            "Save_CSV_contents_to_tmpPeopleUniqNameMap_object_array": {
              "runAfter": {
                "Parse_Member_Map_JSON": [
                  "Succeeded"
                ]
              },
              "metadata": {
                "operationMetadataId": "e4756569-56df-492c-8237-02c17e2304ab"
              },
              "type": "SetVariable",
              "inputs": {
                "name": "tmpPeopleUniqNameMap",
                "value": "@array(body('Parse_Member_Map_JSON'))"
              }
            }
          },
          "runAfter": {
            "Calculate_time_X_hours_ago": [
              "Succeeded"
            ]
          },
          "else": {
            "actions": {
              "Set_WasFileProcessed_to_false_if_file_is_too_old": {
                "runAfter": {},
                "metadata": {
                  "operationMetadataId": "b45aa761-0c48-44f8-aea3-2739b86d8ee0"
                },
                "type": "SetVariable",
                "inputs": {
                  "name": "WasFileProcessed",
                  "value": false
                }
              }
            }
          },
          "expression": {
            "greaterOrEquals": [
              "@outputs('Get_file_metadata_using_path')?['body/LastModified']",
              "@body('Calculate_time_X_hours_ago')"
            ]
          },
          "metadata": {
            "operationMetadataId": "e2084947-391e-40df-ba07-13f2ecc1a489"
          },
          "type": "If"
        },
        "Initialize_variable_PeopleGroupMembersArray": {
          "runAfter": {
            "Initialize_variable_GroupID": [
              "Succeeded"
            ]
          },
          "metadata": {
            "operationMetadataId": "7a11985e-74a5-482b-bcf0-a49c7818c361"
          },
          "type": "InitializeVariable",
          "inputs": {
            "variables": [
              {
                "name": "PeopleGroupMembersArray",
                "type": "array",
                "value": []
              }
            ]
          }
        },
        "Initialize_variable_tmpCurrentPeopleID": {
          "runAfter": {
            "Initialize_variable_tmpGroupList": [
              "Succeeded"
            ]
          },
          "metadata": {
            "operationMetadataId": "805e55d4-bde5-45e4-b160-b045462d6568"
          },
          "type": "InitializeVariable",
          "inputs": {
            "variables": [
              {
                "name": "tmpCurrentPeopleID",
                "type": "integer",
                "value": 0
              }
            ]
          }
        },
        "Respond_to_a_PowerApp_or_flow": {
          "runAfter": {
            "Check_if_MCommunity_CSV_file_was_modified_since_last_run_or_exit_otherwise": [
              "Succeeded",
              "TimedOut",
              "Skipped",
              "Failed"
            ]
          },
          "metadata": {
            "operationMetadataId": "960e14dc-8f55-46b3-973e-140aa0f56c9c"
          },
          "type": "Response",
          "kind": "PowerApp",
          "inputs": {
            "statusCode": 200,
            "body": {
              "wasfileprocessed": "@{variables('WasFileProcessed')}",
              "groupid": "@{variables('GroupID')}"
            },
            "schema": {
              "type": "object",
              "properties": {
                "wasfileprocessed": {
                  "title": "WasFileProcessed",
                  "x-ms-dynamically-added": true,
                  "type": "boolean"
                },
                "groupid": {
                  "title": "GroupID",
                  "x-ms-dynamically-added": true,
                  "type": "number"
                }
              }
            }
          }
        },
        "Initialize_variable_WasFileProcessed": {
          "runAfter": {
            "Initialize_variable_tmpPeopleUniqNameMap": [
              "Succeeded"
            ]
          },
          "metadata": {
            "operationMetadataId": "520a8007-619d-4f5e-8b62-f1754308a8d5"
          },
          "type": "InitializeVariable",
          "inputs": {
            "variables": [
              {
                "name": "WasFileProcessed",
                "type": "boolean",
                "value": false
              }
            ]
          }
        },
        "Initialize_variable_tmpPeopleUniqNameMap": {
          "runAfter": {
            "Initialize_variable_tmpCurrentPeopleID": [
              "Succeeded"
            ]
          },
          "metadata": {
            "operationMetadataId": "ac7ecf0b-bcb3-44d1-a58e-376586714d2c"
          },
          "type": "InitializeVariable",
          "inputs": {
            "variables": [
              {
                "name": "tmpPeopleUniqNameMap",
                "type": "array"
              }
            ]
          }
        }
      }
    },
    "templateName": null
  },
  "schemaVersion": "1.0.0.0"
}