{
  "properties": {
    "connectionReferences": {
      "shared_sharepointonline_1": {
        "runtimeSource": "embedded",
        "connection": {
          "connectionReferenceLogicalName": "efdc_TrackMasterSharePointConnection"
        },
        "api": {
          "name": "shared_sharepointonline"
        }
      }
    },
    "definition": {
      "$schema": "https://schema.management.azure.com/providers/Microsoft.Logic/schemas/2016-06-01/workflowdefinition.json#",
      "contentVersion": "1.0.0.0",
      "parameters": {
        "$connections": {
          "defaultValue": {},
          "type": "Object"
        },
        "$authentication": {
          "defaultValue": {},
          "type": "SecureObject"
        },
        "TrackMaster SharePoint Site Base URL (efdc_TrackMasterSharePointSiteBaseURL)": {
          "defaultValue": "https://umhealth.sharepoint.com/sites/DepressionCenter-TrackMaster",
          "type": "String",
          "metadata": {
            "schemaName": "efdc_TrackMasterSharePointSiteBaseURL",
            "description": "The URL of the TrackMaster site, without a trailing slash and without a page name."
          }
        }
      },
      "triggers": {
        "Run_Daily": {
          "recurrence": {
            "frequency": "Day",
            "interval": 1,
            "startTime": "2023-08-01T02:30:00Z",
            "schedule": {
              "hours": [
                "23"
              ]
            }
          },
          "metadata": {
            "operationMetadataId": "957cedc4-85e5-4129-89da-77d7982a1a64"
          },
          "type": "Recurrence"
        }
      },
      "actions": {
        "Get_items_from_People_list_that_are_missing_a_Teams_Account": {
          "runAfter": {},
          "metadata": {
            "operationMetadataId": "6e41ea5b-7cc3-4e17-be5c-4f64103c9bd8"
          },
          "type": "OpenApiConnection",
          "inputs": {
            "host": {
              "connectionName": "shared_sharepointonline_1",
              "operationId": "GetItems",
              "apiId": "/providers/Microsoft.PowerApps/apis/shared_sharepointonline"
            },
            "parameters": {
              "dataset": "@parameters('TrackMaster SharePoint Site Base URL (efdc_TrackMasterSharePointSiteBaseURL)')",
              "table": "b06a7441-867b-4ddc-9f05-271c46d7e116",
              "$filter": "(TeamsAccount eq null) and (Active eq 1) and (UniqName ne null) and (Modified gt '@{formatDateTime(addDays(utcnow('yyyy-MM-ddTHH:mm:ssZ'),-30), 'yyyy-MM-dd')}')",
              "$orderby": "Modified desc",
              "$top": 250,
              "view": "eac2f0a9-fd28-4ae7-8c4a-e59f6a28e036"
            },
            "authentication": "@parameters('$authentication')"
          }
        },
        "Loop_through_People_list_items": {
          "foreach": "@outputs('Get_items_from_People_list_that_are_missing_a_Teams_Account')?['body/value']",
          "actions": {
            "Run_a_Child_Flow_-_update_People_info_with_O365_info": {
              "runAfter": {},
              "metadata": {
                "operationMetadataId": "46590b9a-9061-4764-8bab-311068cfe097"
              },
              "type": "Workflow",
              "inputs": {
                "host": {
                  "workflowReferenceName": "6d9eafd3-9258-ee11-be6f-000d3a3af012"
                },
                "body": {
                  "number": "@items('Loop_through_People_list_items')?['ID']"
                }
              }
            }
          },
          "runAfter": {
            "Get_items_from_People_list_that_are_missing_a_Teams_Account": [
              "Succeeded"
            ]
          },
          "metadata": {
            "operationMetadataId": "728b4e37-fb3b-4c00-8560-f43e225c86fe"
          },
          "type": "Foreach",
          "runtimeConfiguration": {
            "concurrency": {
              "repetitions": 5
            }
          }
        }
      }
    },
    "templateName": ""
  },
  "schemaVersion": "1.0.0.0"
}