{
  "properties": {
    "connectionReferences": {
      "shared_sharepointonline_1": {
        "runtimeSource": "embedded",
        "connection": {
          "connectionReferenceLogicalName": "efdc_TrackMasterSharePointConnection"
        },
        "api": {
          "name": "shared_sharepointonline"
        }
      }
    },
    "definition": {
      "$schema": "https://schema.management.azure.com/providers/Microsoft.Logic/schemas/2016-06-01/workflowdefinition.json#",
      "contentVersion": "1.0.0.0",
      "parameters": {
        "$connections": {
          "defaultValue": {},
          "type": "Object"
        },
        "$authentication": {
          "defaultValue": {},
          "type": "SecureObject"
        },
        "TrackMaster SharePoint Site Base URL (efdc_TrackMasterSharePointSiteBaseURL)": {
          "defaultValue": "https://umhealth.sharepoint.com/sites/DepressionCenter-TrackMaster",
          "type": "String",
          "metadata": {
            "schemaName": "efdc_TrackMasterSharePointSiteBaseURL",
            "description": "The URL of the TrackMaster site, without a trailing slash and without a page name."
          }
        },
        "Center Staff Email Address (efdc_CenterStaffEmailAddress)": {
          "defaultValue": "efdc-staff@umich.edu",
          "type": "String",
          "metadata": {
            "schemaName": "efdc_CenterStaffEmailAddress",
            "description": "The default email to use for notifications when all staff members must be notified."
          }
        }
      },
      "triggers": {
        "manual": {
          "metadata": {
            "operationMetadataId": "e88abed1-d7b9-4643-b451-4f78fd2272d8"
          },
          "type": "Request",
          "kind": "Button",
          "inputs": {
            "schema": {
              "type": "object",
              "properties": {
                "number": {
                  "title": "TeamID",
                  "type": "number",
                  "x-ms-dynamically-added": true,
                  "description": "Enter the ID of the team from the Teams List",
                  "x-ms-content-hint": "NUMBER"
                }
              },
              "required": [
                "number"
              ]
            }
          }
        }
      },
      "actions": {
        "Respond_to_a_PowerApp_or_flow": {
          "runAfter": {
            "Try_to_get_email_address_from_SP_or_use_default": [
              "Succeeded",
              "Failed",
              "Skipped",
              "TimedOut"
            ]
          },
          "metadata": {
            "operationMetadataId": "8e810b64-03d6-42bc-a8d7-0cd865d9154f"
          },
          "type": "Response",
          "kind": "PowerApp",
          "inputs": {
            "statusCode": 200,
            "body": {
              "teamemailaddress": "@variables('TeamEmailAddress')"
            },
            "schema": {
              "type": "object",
              "properties": {
                "teamemailaddress": {
                  "title": "TeamEmailAddress",
                  "x-ms-dynamically-added": true,
                  "type": "string"
                }
              }
            }
          }
        },
        "Initialize_variable_-_TeamEmailAddress": {
          "runAfter": {
            "Initialize_variable_-_DefaultEmailAddress_to_use_when_no_Team_address_is_found": [
              "Succeeded"
            ]
          },
          "metadata": {
            "operationMetadataId": "1cc38898-3183-4006-b707-37c1f0ffb98f"
          },
          "type": "InitializeVariable",
          "inputs": {
            "variables": [
              {
                "name": "TeamEmailAddress",
                "type": "string",
                "value": "@variables('DefaultEmailAddress')"
              }
            ]
          }
        },
        "Try_to_get_email_address_from_SP_or_use_default": {
          "actions": {
            "Get_item_from_Teams_List_in_SharePoint": {
              "runAfter": {},
              "metadata": {
                "operationMetadataId": "c4c0a801-0855-4a0f-8b57-8decbbf58291"
              },
              "type": "OpenApiConnection",
              "inputs": {
                "host": {
                  "apiId": "/providers/Microsoft.PowerApps/apis/shared_sharepointonline",
                  "connectionName": "shared_sharepointonline_1",
                  "operationId": "GetItem"
                },
                "parameters": {
                  "dataset": "@parameters('TrackMaster SharePoint Site Base URL (efdc_TrackMasterSharePointSiteBaseURL)')",
                  "table": "d8e3ce98-b2bd-49db-9588-461a2ece4e57",
                  "id": "@triggerBody()['number']",
                  "view": "62dbee02-9fed-4d2d-8f6a-d3034790d6ae"
                },
                "authentication": "@parameters('$authentication')"
              }
            },
            "If_call_to_SP_failed,_use_default_address": {
              "runAfter": {
                "Get_item_from_Teams_List_in_SharePoint": [
                  "Failed",
                  "Skipped",
                  "TimedOut"
                ]
              },
              "metadata": {
                "operationMetadataId": "f1bccdfc-b9c6-43bb-9f82-ee346f64b5bc"
              },
              "type": "SetVariable",
              "inputs": {
                "name": "TeamEmailAddress",
                "value": "@variables('DefaultEmailAddress')"
              }
            },
            "Is_MCommunity_email_empty": {
              "actions": {
                "Is_Team_Lead_empty": {
                  "actions": {
                    "Use_default_if_both_team_lead_and_mcommunity_group_are_empty": {
                      "runAfter": {},
                      "metadata": {
                        "operationMetadataId": "87db9954-10c7-4537-8bc2-2f036d3507f3"
                      },
                      "type": "SetVariable",
                      "inputs": {
                        "name": "TeamEmailAddress",
                        "value": "@variables('DefaultEmailAddress')"
                      }
                    }
                  },
                  "runAfter": {},
                  "else": {
                    "actions": {
                      "Get_Team_Leader_from_People_List": {
                        "runAfter": {},
                        "metadata": {
                          "operationMetadataId": "3e2c1f77-dc42-457a-a597-d7b4bf815237"
                        },
                        "type": "OpenApiConnection",
                        "inputs": {
                          "host": {
                            "apiId": "/providers/Microsoft.PowerApps/apis/shared_sharepointonline",
                            "connectionName": "shared_sharepointonline_1",
                            "operationId": "GetItem"
                          },
                          "parameters": {
                            "dataset": "@parameters('TrackMaster SharePoint Site Base URL (efdc_TrackMasterSharePointSiteBaseURL)')",
                            "table": "b06a7441-867b-4ddc-9f05-271c46d7e116",
                            "id": "@outputs('Get_item_from_Teams_List_in_SharePoint')?['body/Team_x0020_Leader/Id']"
                          },
                          "authentication": "@parameters('$authentication')"
                        }
                      },
                      "Use_Team_Leads_email": {
                        "runAfter": {
                          "Get_Team_Leader_from_People_List": [
                            "Succeeded"
                          ]
                        },
                        "metadata": {
                          "operationMetadataId": "1a84f645-56c0-44f3-84f3-d1a0f86d95a7"
                        },
                        "type": "SetVariable",
                        "inputs": {
                          "name": "TeamEmailAddress",
                          "value": "@outputs('Get_Team_Leader_from_People_List')?['body/Email']"
                        }
                      }
                    }
                  },
                  "expression": {
                    "equals": [
                      "@outputs('Get_item_from_Teams_List_in_SharePoint')?['body/Team_x0020_Leader/Id']",
                      null
                    ]
                  },
                  "metadata": {
                    "operationMetadataId": "d72acf92-20e5-4638-966b-2fc22855630e"
                  },
                  "type": "If"
                }
              },
              "runAfter": {
                "Get_item_from_Teams_List_in_SharePoint": [
                  "Succeeded"
                ]
              },
              "else": {
                "actions": {
                  "Use_MCommunity_group_email": {
                    "runAfter": {},
                    "metadata": {
                      "operationMetadataId": "64d97e0b-3faa-4550-a44a-1f77af25d18d"
                    },
                    "type": "SetVariable",
                    "inputs": {
                      "name": "TeamEmailAddress",
                      "value": "@outputs('Get_item_from_Teams_List_in_SharePoint')?['body/MCommunity_x0020_Group']"
                    }
                  }
                }
              },
              "expression": {
                "equals": [
                  "@outputs('Get_item_from_Teams_List_in_SharePoint')?['body/MCommunity_x0020_Group']",
                  null
                ]
              },
              "metadata": {
                "operationMetadataId": "63d6e5a6-4b87-4208-ba65-0ac752d8bf0f"
              },
              "type": "If"
            }
          },
          "runAfter": {
            "Initialize_variable_-_TeamEmailAddress": [
              "Succeeded"
            ]
          },
          "metadata": {
            "operationMetadataId": "5a67ce20-c764-4f5b-94ff-36c3e166045a"
          },
          "type": "Scope"
        },
        "Initialize_variable_-_DefaultEmailAddress_to_use_when_no_Team_address_is_found": {
          "runAfter": {},
          "metadata": {
            "operationMetadataId": "d1ba1c21-c714-4153-ab49-3118afb69917"
          },
          "type": "InitializeVariable",
          "inputs": {
            "variables": [
              {
                "name": "DefaultEmailAddress",
                "type": "string",
                "value": "@parameters('Center Staff Email Address (efdc_CenterStaffEmailAddress)')"
              }
            ]
          }
        }
      }
    },
    "templateName": null
  },
  "schemaVersion": "1.0.0.0"
}