{
  "properties": {
    "connectionReferences": {
      "shared_sharepointonline": {
        "runtimeSource": "invoker",
        "connection": {},
        "api": {
          "name": "shared_sharepointonline"
        }
      },
      "shared_sendmail": {
        "runtimeSource": "invoker",
        "connection": {},
        "api": {
          "name": "shared_sendmail"
        }
      }
    },
    "definition": {
      "$schema": "https://schema.management.azure.com/providers/Microsoft.Logic/schemas/2016-06-01/workflowdefinition.json#",
      "contentVersion": "1.0.0.0",
      "parameters": {
        "$connections": {
          "defaultValue": {},
          "type": "Object"
        },
        "$authentication": {
          "defaultValue": {},
          "type": "SecureObject"
        }
      },
      "triggers": {
        "manual": {
          "splitOn": "@triggerBody()['rows']",
          "metadata": {
            "operationMetadataId": "ea027b20-f9dc-426d-bfa1-02bf9bbf6a42"
          },
          "type": "Request",
          "kind": "ApiConnection",
          "inputs": {
            "schema": {
              "type": "object",
              "properties": {
                "rows": {
                  "type": "array",
                  "items": {
                    "type": "object",
                    "properties": {
                      "text": {
                        "title": "Subject",
                        "type": "string",
                        "x-ms-dynamically-added": true,
                        "description": "Dear [NAME],\nThank you for being a valuable member of the Depression Center!\nRegards,\nConni H.",
                        "x-ms-content-hint": "TEXT"
                      },
                      "boolean": {
                        "title": "Test Only - Do Not Email",
                        "type": "boolean",
                        "x-ms-dynamically-added": true,
                        "description": "Please select yes or no",
                        "x-ms-content-hint": "BOOLEAN"
                      },
                      "entity": {
                        "type": "object",
                        "properties": {
                          "ID": {
                            "title": "ID",
                            "type": "integer",
                            "format": "int64"
                          },
                          "itemUrl": {
                            "title": "itemUrl",
                            "type": "string"
                          },
                          "fileName": {
                            "title": "fileName",
                            "type": "string"
                          }
                        },
                        "required": [
                          "ID",
                          "itemUrl",
                          "fileName"
                        ]
                      }
                    },
                    "required": [
                      "text",
                      "boolean",
                      "entity"
                    ]
                  }
                }
              },
              "required": [
                "rows"
              ]
            },
            "host": {
              "connection": {
                "name": "@parameters('$connections')['shared_sharepointonline']['connectionId']"
              }
            },
            "operationId": "ForASelectedFileHybridTrigger",
            "parameters": {
              "dataset": "https://umhealth.sharepoint.com/sites/DepressionCenter-TrackMaster",
              "table": "91f9a71f-f94c-4ec7-9ddd-108116bc5035"
            },
            "headersSchema": {
              "x-ms-user-name-encoded": {
                "title": "User name",
                "type": "string",
                "format": "byte",
                "x-ms-dynamically-added": false
              },
              "x-ms-user-email-encoded": {
                "title": "User email",
                "type": "string",
                "format": "byte",
                "x-ms-dynamically-added": false
              },
              "x-ms-user-timestamp": {
                "title": "Timestamp",
                "type": "string",
                "x-ms-dynamically-added": false
              }
            }
          }
        }
      },
      "actions": {
        "Get_file_properties": {
          "runAfter": {},
          "metadata": {
            "operationMetadataId": "c0cd5182-4de1-4195-a488-51edd0803378"
          },
          "type": "OpenApiConnection",
          "inputs": {
            "host": {
              "apiId": "/providers/Microsoft.PowerApps/apis/shared_sharepointonline",
              "connectionName": "shared_sharepointonline",
              "operationId": "GetFileItem"
            },
            "parameters": {
              "dataset": "https://umhealth.sharepoint.com/sites/DepressionCenter-TrackMaster",
              "table": "91f9a71f-f94c-4ec7-9ddd-108116bc5035",
              "id": "@triggerBody()?['entity']?['ID']"
            },
            "authentication": {
              "value": "@json(decodeBase64(triggerOutputs().headers['X-MS-APIM-Tokens']))['$ConnectionKey']",
              "type": "Raw"
            }
          }
        },
        "Get_file_content": {
          "runAfter": {
            "Get_file_properties": [
              "Succeeded"
            ]
          },
          "metadata": {
            "operationMetadataId": "c79a3033-3154-4143-9b34-1b92487f5ce6"
          },
          "type": "OpenApiConnection",
          "inputs": {
            "host": {
              "apiId": "/providers/Microsoft.PowerApps/apis/shared_sharepointonline",
              "connectionName": "shared_sharepointonline",
              "operationId": "GetFileContent"
            },
            "parameters": {
              "dataset": "https://umhealth.sharepoint.com/sites/DepressionCenter-TrackMaster",
              "id": "@outputs('Get_file_properties')?['body/{Identifier}']",
              "inferContentType": true
            },
            "authentication": {
              "value": "@json(decodeBase64(triggerOutputs().headers['X-MS-APIM-Tokens']))['$ConnectionKey']",
              "type": "Raw"
            }
          }
        },
        "Get_items_from_People_list": {
          "runAfter": {
            "Initialize_variable": [
              "Succeeded"
            ]
          },
          "metadata": {
            "operationMetadataId": "32d781df-c52d-4742-bfc6-1a064be72ed7"
          },
          "type": "OpenApiConnection",
          "inputs": {
            "host": {
              "apiId": "/providers/Microsoft.PowerApps/apis/shared_sharepointonline",
              "connectionName": "shared_sharepointonline",
              "operationId": "GetItems"
            },
            "parameters": {
              "dataset": "https://umhealth.sharepoint.com/sites/DepressionCenter-TrackMaster",
              "table": "b06a7441-867b-4ddc-9f05-271c46d7e116",
              "$filter": "UniqName eq 'tahaa'",
              "$orderby": "UniqName",
              "$top": 500
            },
            "authentication": {
              "value": "@json(decodeBase64(triggerOutputs().headers['X-MS-APIM-Tokens']))['$ConnectionKey']",
              "type": "Raw"
            }
          }
        },
        "Loop_through_People_list_items": {
          "foreach": "@outputs('Get_items_from_People_list')?['body/value']",
          "actions": {
            "Replace_placeholders_in_email_template_with_actual_values": {
              "runAfter": {},
              "metadata": {
                "operationMetadataId": "da6e6b9d-f0a2-4447-be4f-97df506a2c5a"
              },
              "type": "SetVariable",
              "inputs": {
                "name": "EmailContents",
                "value": "@{replace( replace( replace( replace(body('Get_file_content'), '[NAME]', items('Loop_through_People_list_items')?['Title']) , '[FULLNAME]' , items('Loop_through_People_list_items')?['Title'] ) , '[FIRSTNAME]' , items('Loop_through_People_list_items')?['FirstName'] ) , '[LASTNAME]' , items('Loop_through_People_list_items')?['LastName'])}"
              }
            },
            "Condition": {
              "actions": {
                "Compose": {
                  "runAfter": {},
                  "metadata": {
                    "operationMetadataId": "9c47e25a-cc0e-44b7-82cb-938fbd2959d6"
                  },
                  "type": "Compose",
                  "inputs": "@variables('EmailContents')"
                }
              },
              "runAfter": {
                "Replace_placeholders_in_email_template_with_actual_values": [
                  "Succeeded"
                ]
              },
              "else": {
                "actions": {
                  "Send_an_email_notification_(V3)": {
                    "runAfter": {},
                    "metadata": {
                      "operationMetadataId": "02a54672-e495-41f8-9b67-4f123fef7ac9"
                    },
                    "type": "OpenApiConnection",
                    "inputs": {
                      "host": {
                        "apiId": "/providers/Microsoft.PowerApps/apis/shared_sendmail",
                        "connectionName": "shared_sendmail",
                        "operationId": "SendEmailV3"
                      },
                      "parameters": {
                        "request/to": "@{items('Loop_through_People_list_items')?['TeamsAccount/Email']};",
                        "request/subject": "@triggerBody()['text']",
                        "request/text": "<p>@{variables('EmailContents')}</p>"
                      },
                      "authentication": {
                        "value": "@json(decodeBase64(triggerOutputs().headers['X-MS-APIM-Tokens']))['$ConnectionKey']",
                        "type": "Raw"
                      }
                    }
                  }
                }
              },
              "expression": {
                "or": [
                  {
                    "equals": [
                      "@triggerBody()['boolean']",
                      true
                    ]
                  },
                  {
                    "equals": [
                      "@triggerBody()['boolean']",
                      "Yes"
                    ]
                  }
                ]
              },
              "metadata": {
                "operationMetadataId": "06d7ba2b-f281-464e-9abe-aafd5331c070"
              },
              "type": "If"
            }
          },
          "runAfter": {
            "Get_items_from_People_list": [
              "Succeeded"
            ]
          },
          "metadata": {
            "operationMetadataId": "fe30302b-ee80-4962-82d9-37db1b484376"
          },
          "type": "Foreach"
        },
        "Initialize_variable": {
          "runAfter": {
            "Get_file_content": [
              "Succeeded"
            ]
          },
          "metadata": {
            "operationMetadataId": "e24db14b-b391-4939-a7ae-eeb801bdb7b3"
          },
          "type": "InitializeVariable",
          "inputs": {
            "variables": [
              {
                "name": "EmailContents",
                "type": "string"
              }
            ]
          }
        }
      },
      "outputs": {}
    },
    "templateName": "31a5422e6d8b4c0d9fdb95f298130e4d"
  },
  "schemaVersion": "1.0.0.0"
}