{
  "properties": {
    "connectionReferences": {
      "shared_sharepointonline_1": {
        "runtimeSource": "embedded",
        "connection": {
          "connectionReferenceLogicalName": "efdc_TrackMasterSharePointConnection"
        },
        "api": {
          "name": "shared_sharepointonline"
        }
      }
    },
    "definition": {
      "$schema": "https://schema.management.azure.com/providers/Microsoft.Logic/schemas/2016-06-01/workflowdefinition.json#",
      "contentVersion": "1.0.0.0",
      "parameters": {
        "$connections": {
          "defaultValue": {},
          "type": "Object"
        },
        "$authentication": {
          "defaultValue": {},
          "type": "SecureObject"
        },
        "TrackMaster SharePoint Site Base URL (efdc_TrackMasterSharePointSiteBaseURL)": {
          "defaultValue": "https://umhealth.sharepoint.com/sites/DepressionCenter-TrackMaster",
          "type": "String",
          "metadata": {
            "schemaName": "efdc_TrackMasterSharePointSiteBaseURL",
            "description": "The URL of the TrackMaster site, without a trailing slash and without a page name."
          }
        }
      },
      "triggers": {
        "Run_Daily": {
          "recurrence": {
            "frequency": "Day",
            "interval": 1,
            "startTime": "2023-09-26T02:00:00Z"
          },
          "metadata": {
            "operationMetadataId": "69c90990-8b58-443f-9097-6a49404a9eb1"
          },
          "type": "Recurrence"
        }
      },
      "actions": {
        "Get_active_groups_that_have_MCommunity_configured": {
          "runAfter": {},
          "metadata": {
            "operationMetadataId": "b45c19cf-5aeb-463c-868d-601988b6b033"
          },
          "type": "OpenApiConnection",
          "inputs": {
            "host": {
              "connectionName": "shared_sharepointonline_1",
              "operationId": "GetItems",
              "apiId": "/providers/Microsoft.PowerApps/apis/shared_sharepointonline"
            },
            "parameters": {
              "dataset": "@parameters('TrackMaster SharePoint Site Base URL (efdc_TrackMasterSharePointSiteBaseURL)')",
              "table": "ce40c203-443b-415e-8ef7-42e60e264763",
              "$filter": "Active eq 1 and MCommunity_x0020_Group ne null",
              "$orderby": "Modified desc",
              "$top": 500
            },
            "authentication": "@parameters('$authentication')"
          }
        },
        "Apply_to_each_group": {
          "foreach": "@outputs('Get_active_groups_that_have_MCommunity_configured')?['body/value']",
          "actions": {
            "Run_a_Child_Flow_-_Update_group_members_with_CSV_files_from_past_6mo": {
              "runAfter": {},
              "limit": {
                "timeout": "P0DT20M"
              },
              "metadata": {
                "operationMetadataId": "1430932f-4684-455c-a576-9938c2b35bfc"
              },
              "type": "Workflow",
              "inputs": {
                "host": {
                  "workflowReferenceName": "cf9972e9-5d59-ee11-be6f-000d3a3af012"
                },
                "body": {
                  "email": "@items('Apply_to_each_group')?['MCommunity_x0020_Group']",
                  "number": 4380
                }
              }
            },
            "Delay": {
              "runAfter": {
                "Run_a_Child_Flow_-_Update_group_members_with_CSV_files_from_past_6mo": [
                  "Succeeded",
                  "Failed",
                  "Skipped",
                  "TimedOut"
                ]
              },
              "metadata": {
                "operationMetadataId": "b693756e-7c8a-466e-bc8e-9825f4d37ffd"
              },
              "type": "Wait",
              "inputs": {
                "interval": {
                  "count": 30,
                  "unit": "Second"
                }
              }
            }
          },
          "runAfter": {
            "Get_active_groups_that_have_MCommunity_configured": [
              "Succeeded"
            ]
          },
          "metadata": {
            "operationMetadataId": "0d851346-34bc-4ad1-a432-758587b4201a"
          },
          "type": "Foreach",
          "runtimeConfiguration": {
            "concurrency": {
              "repetitions": 1
            }
          }
        }
      }
    },
    "templateName": ""
  },
  "schemaVersion": "1.0.0.0"
}